"","topic1","topic2","topic3","topic4","topic5","topic6","topic7","topic8","topic9","project","projecttype"
"abwiki",1.87103925042271e-07,1.85650495335051e-07,1.86130567759285e-07,1.85308205873274e-07,2.47655027477871e-07,0.997867777509769,0.000364487495339671,0.00170859558625165,5.81475604186829e-05,"abwiki","Wikipedia"
"acewiki",0.986966907130975,0.00482316832713933,0.00610601804822371,0.000285612924337309,0.0014589049067379,8.25423106253051e-05,7.74488058946952e-05,0.000128692815856535,7.07047302098754e-05,"acewiki","Wikipedia"
"adywiki",0.997362347510715,0.000329706561160904,0.000329706561160673,0.000329706561160598,0.000329706561160735,0.000329706561160567,0.000329706561160567,0.000329706561160569,0.000329706561160598,"adywiki","Wikipedia"
"afwiki",0.993485087558879,0.00207235456899616,0.000365756152396998,0.0034154394428431,0.000524482880758191,4.73431738244703e-05,6.71192979729136e-05,1.86670765689034e-05,3.74984776073878e-06,"afwiki","Wikipedia"
"akwiki",0.000329706561161291,0.997362347510714,0.000329706561160585,0.000329706561160567,0.000329706561161333,0.000329706561160569,0.000329706561160567,0.000329706561160567,0.000329706561160568,"akwiki","Wikipedia"
"alswiki",0.930486373784171,0.00270858767354396,0.00495591412090543,0.0107624905886075,0.0208575195432273,2.90626968710305e-05,0.0181522595276544,6.6343352528128e-05,0.011981448712491,"alswiki","Wikipedia"
"amwiki",0.984502837152793,0.00497437185878752,0.00898241947263971,0.00039238027453495,0.000970197485966241,4.51629176405507e-05,5.88548195313837e-05,4.54527443361539e-05,2.83232737711244e-05,"amwiki","Wikipedia"
"angwiki",0.983326123187135,0.0112992498107596,0.00277790315389168,0.000192446552997499,0.00224238630908094,2.87503395339177e-05,6.95967070083376e-05,4.05841615408662e-05,2.29597780524443e-05,"angwiki","Wikipedia"
"anwiki",0.990839252655807,0.0056256223957248,0.0021326792395103,3.58884257364056e-05,0.000458023789002573,7.1632725096688e-06,0.000879825667860679,7.2662287293669e-06,1.42783251192071e-05,"anwiki","Wikipedia"
"arcwiki",0.986754149202942,0.00690261706949238,0.00224123307918864,0.000229679125200871,0.00338459440120924,9.72036981693526e-05,9.24234042312983e-05,0.000136477223058191,0.00016162279650846,"arcwiki","Wikipedia"
"arwiki",8.8398137589501e-05,6.18938040485244e-06,0.268788532977178,0.729575184199178,2.26201297075603e-05,2.10513913811074e-05,0.0008450019583953,1.07958510867724e-05,0.000642225975079233,"arwiki","Wikipedia"
"arwikibooks",0.997362347510715,0.000329706561160613,0.000329706561160606,0.000329706561160586,0.000329706561160623,0.000329706561160566,0.000329706561160567,0.000329706561160568,0.000329706561160566,"arwikibooks","Wikibooks"
"arwikisource",0.997362347510715,0.00032970656116119,0.000329706561160823,0.000329706561160567,0.000329706561160567,0.000329706561160568,0.000329706561160567,0.000329706561160567,0.000329706561160567,"arwikisource","Wikisource"
"arzwiki",0.963318411589836,0.00287261666287921,0.0043071534382136,0.000147653577074002,0.000563937076693197,5.87732742149968e-05,0.017368285545827,6.61580398188421e-05,0.0112970107954431,"arzwiki","Wikipedia"
"astwiki",0.463359962842311,0.508976882522796,0.00149743285273852,3.68524682194709e-05,0.00508587659770592,0.000538210764672033,0.0022063964766391,0.000562694398461529,0.0177356910764563,"astwiki","Wikipedia"
"aswiki",0.928765204731891,0.00181746260295512,0.000467442204443726,0.00018986221800869,0.00270033624339612,1.57529303434173e-05,0.0246599122689618,2.48783082399762e-05,0.0413591484917602,"aswiki","Wikipedia"
"avwiki",0.0956086782761428,0.000709058779177098,0.0430503738225179,0.815416530974298,0.00156864336028211,0.000110608963102535,0.0431965524939848,0.000265235950458479,7.43173800366521e-05,"avwiki","Wikipedia"
"aywiki",0.957251126331289,0.00139176595556562,0.0260423927342977,0.00172662206794513,0.0125098755855308,0.000210386066896494,0.000553129548591658,0.000203577173102078,0.000111124536781669,"aywiki","Wikipedia"
"azbwiki",0.859526767093643,0.00166257500771105,0.123001893405462,0.000119755974086025,0.0155616868642644,2.20973482946399e-05,7.02726922947331e-05,2.47705509104907e-05,1.01810633335988e-05,"azbwiki","Wikipedia"
"azwiki",0.01132011794336,0.00399614855589994,7.36155191081193e-08,1.63678663943962e-08,3.64545050371104e-06,0.984432652870063,0.000119637587370473,5.82911864364131e-05,6.94164229810184e-05,"azwiki","Wikipedia"
"azwikibooks",0.00163108808977675,0.00434434350163727,0.0263825333140228,0.000248572108416712,0.470925317654515,0.000288867719158225,0.495147695494255,0.00021185265935993,0.000819729458858453,"azwikibooks","Wikibooks"
"azwikisource",2.45564238939033e-06,9.2394532089674e-07,9.53230314767546e-07,7.1668064948815e-07,1.52768368097637e-05,0.989450422183743,0.00791051578808944,0.00241022936455791,0.0002085063281257,"azwikisource","Wikisource"
"barwiki",0.312507680642868,0.601597865392943,0.00851754867537569,0.0289654028501395,0.038395373069874,0.00143797726900093,0.00845999916486177,8.55650682240721e-05,3.25878667132819e-05,"barwiki","Wikipedia"
"bat_smgwiki",0.987642238720903,0.00737624128983495,0.00212775420920274,0.000216335927027098,0.00249565680822824,4.84497411084874e-05,3.17956876167656e-05,4.00625349574007e-05,2.14650811209055e-05,"bat_smgwiki","Wikipedia"
"bawiki",0.0254142466102988,0.000139298491042206,0.0050656033720537,0.18626446480942,1.66974748864318e-05,0.000956648519896992,0.00209917825772556,0.780001468849335,4.23936153417705e-05,"bawiki","Wikipedia"
"bclwiki",0.994131246357917,0.00331480829281256,0.000590614381265333,0.000124361280395348,0.00175696999639645,1.98088090219649e-05,1.83965562028249e-05,2.52725958806671e-05,1.85217301076559e-05,"bclwiki","Wikipedia"
"be_x_oldwiki",0.0396440287798621,0.0879349319672466,0.0561833032435254,0.807964775038192,0.000717937202277299,0.000843832591284165,0.00651926465482838,7.66152768148258e-05,0.000115311245969195,"be_x_oldwiki","Wikipedia"
"bewiki",0.000900756753448679,0.000290149663688658,0.00807593864503852,0.0277074255444646,1.79662880559933e-06,0.96282228367324,3.85150585562408e-05,0.000129914466367036,3.32195663903078e-05,"bewiki","Wikipedia"
"bewikiquote",0.000329706561160567,0.997362347510715,0.000329706561160567,0.000329706561160567,0.000329706561160567,0.000329706561160572,0.000329706561160569,0.000329706561160567,0.000329706561160567,"bewikiquote","Wikiquote"
"bgwiki",0.321591767849533,0.657972594661729,0.00378647570076073,0.00179961744602313,0.000287593719288244,0.00133911860127936,0.000898531004216244,0.00974345694005799,0.00258084407711245,"bgwiki","Wikipedia"
"bhwiki",0.803754549609113,0.00146704448478512,0.000357861917254169,5.97755988485772e-05,0.000722911008683906,0.0304448443648061,0.0322924413137708,0.0379680401514941,0.0929325315512444,"bhwiki","Wikipedia"
"biwiki",0.997362347510715,0.000329706561160574,0.000329706561160809,0.000329706561160581,0.000329706561160567,0.000329706561160567,0.000329706561160567,0.000329706561160569,0.000329706561160567,"biwiki","Wikipedia"
"bnwiki",0.974845835458961,0.000512140145899472,0.0235998174806596,1.91765070885163e-05,0.000758086835837399,9.44270233259074e-05,0.000161561369714515,5.06570293961154e-06,3.88947557353414e-06,"bnwiki","Wikipedia"
"bowiki",0.603112320970301,0.393908793042132,0.00148740025481203,0.000127135864868885,0.00120530485593254,2.13406269519598e-05,0.000106561593448402,1.74176253608576e-05,1.37251661921468e-05,"bowiki","Wikipedia"
"bpywiki",0.989231583671457,0.000694780789805524,0.00190376692951189,0.000815505262615005,0.00660054425528031,0.00016824207036932,0.00018577538134797,0.000234676431430292,0.000165125208183139,"bpywiki","Wikipedia"
"brwiki",0.967786609294453,0.00168187094364022,0.00138495571462028,0.00344481967084637,0.015926987223551,3.50838555856508e-05,0.00551784184581875,4.88866847098832e-05,0.00417294476677504,"brwiki","Wikipedia"
"brwikisource",0.704841432715853,0.000166249303094078,0.294419053406422,3.21399331735887e-05,0.00042925744161575,2.35057555100884e-05,1.42235423701568e-05,3.91401395015956e-05,3.4997762459962e-05,"brwikisource","Wikisource"
"bswiki",0.989751850239732,0.00106158895051679,0.00108701413496466,2.58374432701215e-05,0.000625217301764671,0.000202868250224666,3.15669577155597e-05,5.48698912699952e-06,0.00720856973268431,"bswiki","Wikipedia"
"bugwiki",0.953770380066529,0.00517188337882744,0.0214107247616439,0.00164339942839329,0.00837099282100477,0.0001651001869867,0.00902951393525186,0.000219662649519183,0.000218342771843447,"bugwiki","Wikipedia"
"bxrwiki",0.000302584665376631,2.86025102458039e-05,2.13623585703283e-05,0.985298981699478,1.8734717097042e-05,1.94992398105446e-05,0.0142815634842437,2.77823932938575e-05,8.88931883896567e-07,"bxrwiki","Wikipedia"
"cawiki",0.0430752825824138,0.0237003619450412,0.930940636489527,0.000335669314267571,0.000229976475469905,0.000212048873995721,0.000613318007073513,0.000441422693060883,0.000451283619150101,"cawiki","Wikipedia"
"cawikiquote",0.97725030773747,0.00115494282904852,0.020066829796202,0.000459861980547843,0.000899361469217573,1.00526535139347e-05,8.88125051515556e-05,3.06236849441655e-05,3.92073439046503e-05,"cawikiquote","Wikiquote"
"cawikisource",0.974083854906345,0.00276493717195564,0.0152055635286278,0.00122967826946076,0.00243831283839186,5.40824468577636e-05,0.00248231299038556,0.000192213443725613,0.00154904440424974,"cawikisource","Wikisource"
"cbk_zamwiki",0.981798805516044,0.00861463034605025,0.00791900578399776,0.000977869075130859,0.000110307591020991,0.000127637758379494,0.000172159125078056,0.000161135926877772,0.000118448877420262,"cbk_zamwiki","Wikipedia"
"cdowiki",0.75308625623536,0.000186203325437968,0.0037609028533026,0.000431996719097429,0.00700816081948089,8.37698216743181e-05,0.234923399493289,0.000112250880206209,0.000407059852151903,"cdowiki","Wikipedia"
"cebwiki",0.276388916766791,0.516025989094379,0.207113987666821,1.73804293671601e-05,0.000445973139779921,1.81502378020481e-06,1.75109524297625e-06,2.60019913005273e-06,1.58658470788947e-06,"cebwiki","Wikipedia"
"cewiki",0.00281808297394498,9.59405783620517e-08,1.30693798514106e-07,3.4633987527172e-05,6.49176169494349e-06,0.995848645426261,8.85288106145078e-05,0.000961886508422937,0.000241503897158058,"cewiki","Wikipedia"
"chrwiki",0.997362347510715,0.000329706561160579,0.000329706561160585,0.000329706561160577,0.000329706561160661,0.000329706561160567,0.000329706561160566,0.000329706561160567,0.000329706561160567,"chrwiki","Wikipedia"
"chywiki",0.997362347510715,0.000329706561160567,0.000329706561160685,0.000329706561160581,0.000329706561161199,0.000329706561160567,0.000329706561160582,0.000329706561160568,0.000329706561160567,"chywiki","Wikipedia"
"ckbwiki",0.881470050567911,0.000836550090215248,0.00605742057625273,0.00010920625528967,0.00175852829042947,0.0207761854420131,0.0328033966035758,0.0280763216064374,0.0281123405678752,"ckbwiki","Wikipedia"
"commonswiki",3.84639731452678e-08,2.5219289409149e-08,2.14622902751257e-08,6.01194701076639e-07,6.14015984313868e-08,8.65178933943481e-08,0.323596263712636,8.39322131948256e-08,0.676402818095405,"commonswiki","Commons"
"cowiki",0.96748870712575,0.0149476398047639,0.0103968915033125,0.000507376697411112,0.00613655576968566,5.37405112217439e-05,0.000393484636066377,4.4325763719865e-05,3.12781880689574e-05,"cowiki","Wikipedia"
"crhwiki",0.00471766201146553,0.000387347334225068,0.0192752804923485,0.966031252892343,7.79321966904968e-05,9.02194321508793e-05,0.00928617376914464,0.000128457055451697,5.67481617978124e-06,"crhwiki","Wikipedia"
"csbwiki",0.0586012288233197,0.373576136039706,0.293207135741263,0.00054662898246542,0.00863893280063121,9.54283747510192e-05,0.0873969164042082,7.00959367119443e-05,0.177867496896943,"csbwiki","Wikipedia"
"cswiki",0.032513108538731,0.21042487729327,0.754597593891987,0.000574323691613972,0.000101496498522551,0.000191297163517546,0.000449775983542019,0.000164589671721023,0.000982937267094653,"cswiki","Wikipedia"
"cswikiquote",0.819827674660916,0.01125572806488,0.16443097715684,0.000540585429359255,0.00380658391153118,4.52008498539228e-05,2.07315787277676e-05,4.5160923152756e-05,2.73574247389874e-05,"cswikiquote","Wikiquote"
"cswikisource",0.615802176535702,0.00337901073186511,0.373243714247212,0.00373137141740237,0.0034539914126985,8.64716843445946e-05,5.59183318911686e-05,0.000180599845405434,6.67457934789817e-05,"cswikisource","Wikisource"
"cvwiki",0.989297966398341,0.00430813758431972,0.00101163592340268,5.09679550550453e-05,0.000483721062867536,1.30869579743472e-05,0.00478096926078213,2.6337968784265e-05,2.71768884737519e-05,"cvwiki","Wikipedia"
"cywiki",0.563058238146012,0.000445346238403092,0.416855377357251,0.00192900882656696,0.000474218678307699,0.00224442107714651,0.00241955986492661,0.00450116800635003,0.00807266180503636,"cywiki","Wikipedia"
"dawiki",0.287919486275188,0.180217373579443,0.525104524853146,0.0019203872326564,0.000226782860474199,0.000595836506030477,0.000621790823000757,0.000667720899484057,0.00272609697057793,"dawiki","Wikipedia"
"dewiki",0.104142684954577,0.818366792763723,0.0644937929912616,0.000746144064942389,0.00863146535404693,0.000651305455713924,0.000108589366972598,0.00249416840135287,0.000365056647409311,"dewiki","Wikipedia"
"dewikibooks",0.00032970656116085,0.997362347510715,0.000329706561160575,0.000329706561160567,0.000329706561160567,0.000329706561160569,0.000329706561160567,0.000329706561160572,0.000329706561160567,"dewikibooks","Wikibooks"
"dewikinews",0.29935074076831,0.680805833866669,0.0177068259790871,0.000885235011068375,0.000110531904766811,0.000240520826473398,0.000110448810569029,0.000188285716410994,0.00060157711664519,"dewikinews","Wikinews"
"dewikiquote",0.887184227995895,0.00316915377561531,0.0996638087260647,0.00523444128247611,0.00360687805272474,0.000115313228664803,0.000852106751371725,0.000117109857211848,5.69603299763465e-05,"dewikiquote","Wikiquote"
"dewikisource",0.7580899003236,0.000798777753975935,0.240341126486573,0.000119357311952143,0.000487028535654291,2.25907664308224e-05,0.000104910166079485,2.19005105114429e-05,1.44081452224329e-05,"dewikisource","Wikisource"
"dewikivoyage",0.997033089735464,0.00145743643032328,0.000855644970405916,2.06158810856204e-05,0.000613937746284284,4.24308700018181e-06,4.93063240254563e-06,4.0126191124549e-06,6.08889792181797e-06,"dewikivoyage","Wikivoyage"
"diqwiki",0.864639110628063,0.00335178926543323,0.0794060630055934,0.000263995448994312,0.00235089117686059,3.86823223428687e-05,0.000206001037796442,5.4187902878452e-05,0.0496892792120376,"diqwiki","Wikipedia"
"dsbwiki",0.968953773376713,0.00685379583788438,0.0173761418059383,0.000605404863423607,0.00567224182640461,9.07569858182283e-05,0.000344642657589533,6.45793621546144e-05,3.86632840737242e-05,"dsbwiki","Wikipedia"
"dtywiki",0.996185028169633,0.00126084327650553,0.000712003019422441,0.000309734235744238,0.00117823210179488,8.48781628355257e-05,8.51999878355238e-05,0.000100881104038029,8.31999421905375e-05,"dtywiki","Wikipedia"
"dvwiki",0.99677144660006,0.00141447912085485,0.000371710769246641,5.53239784496925e-05,0.0013182027698033,1.66096212410632e-05,1.9033895128354e-05,1.7952936586555e-05,1.52403086292022e-05,"dvwiki","Wikipedia"
"elwiki",0.140365581874473,0.00130737123211836,0.84467762797841,0.00810755647267209,0.000230276971998597,0.00196354040060026,0.000759428568774626,7.98439553243618e-05,0.00250877254562864,"elwiki","Wikipedia"
"elwikiquote",0.985142398384705,0.00787002883861434,0.00339393132439563,0.000944664459598353,0.00188753406502843,0.000165099273237625,0.000174921123594823,0.000256280296088905,0.000165142234736846,"elwikiquote","Wikiquote"
"elwikivoyage",0.904561424038142,0.0746217086416305,0.0106061156321728,0.000165167392224433,0.00912390016951843,0.00028465007112376,0.000166092572936857,0.000274905433793809,0.000196036048457894,"elwikivoyage","Wikivoyage"
"emlwiki",0.95739004384992,0.0290912744819731,0.00264314526568143,8.61906208189969e-05,0.0105297385915995,7.13931440216509e-05,6.21392584944961e-05,6.73298888955248e-05,5.87448985948549e-05,"emlwiki","Wikipedia"
"enwiki",0.0350122043236969,0.920141650301999,0.0282056941786028,0.000594235570134432,0.0122606878714334,0.000573927453194022,0.000277846212853704,0.00258244884792765,0.000351305240158273,"enwiki","Wikipedia"
"enwikibooks",0.0211124738057314,0.480076981249879,0.000560921083919027,0.000175686780691183,0.00041634999462978,0.000254287701167092,0.496155136810009,0.000428494881949223,0.000819667692024122,"enwikibooks","Wikibooks"
"enwikinews",0.28415055426739,0.0211760782931559,0.494255958037661,0.000540298425786222,0.199339131717351,0.00011396022257923,6.69242716404591e-05,0.000284856577979421,7.22381864566815e-05,"enwikinews","Wikinews"
"enwikiquote",0.919795793248753,0.00099318705150372,0.0650251879877421,0.000142028756946788,0.00998656247635667,4.34185232561117e-05,0.00390432981928777,6.07612084169006e-05,4.8730927736626e-05,"enwikiquote","Wikiquote"
"enwikisource",0.0591906179310289,0.906441075746478,0.0154036954281083,0.000165220632069806,0.0180197337998813,0.000248757785240614,0.000166079826475115,0.000165106697124955,0.000199712153592982,"enwikisource","Wikisource"
"enwikivoyage",0.286172957650411,0.707951545960979,0.000996826976410248,0.002023291676601,0.000265516237894035,0.000327834117376901,0.0018649299316046,0.000384762006427079,1.23354422956721e-05,"enwikivoyage","Wikivoyage"
"eowiki",0.194056620221196,0.423757073145809,0.371070312749404,0.00211173719404499,0.000514714849627369,0.00390736651407123,0.0010927820877987,0.00048117913761502,0.00300821410043268,"eowiki","Wikipedia"
"eowikinews",0.00032970656116059,0.000329706561160569,0.000329706561160567,0.000329706561160568,0.000329706561160572,0.000329706561160567,0.997362347510716,0.000329706561160567,0.00032970656116058,"eowikinews","Wikinews"
"eowikisource",0.998679214132408,0.000165098233449347,0.000165098233448992,0.000165098233448902,0.000165098233448902,0.000165098233448906,0.000165098233448902,0.000165098233448916,0.000165098233448902,"eowikisource","Wikisource"
"eswiki",0.000750543303954392,0.3153992927869,0.679138032463094,0.000527913928588283,0.00185613297286486,0.00107864597614401,0.000216695148899089,0.000320344046249196,0.000712399373305141,"eswiki","Wikipedia"
"eswikiquote",0.633558265212058,0.332647136157389,0.0247587676204535,0.000904633047431727,0.00784714709254757,8.30572345275032e-05,6.80724441381823e-05,6.74944423624812e-05,6.54267490917438e-05,"eswikiquote","Wikiquote"
"eswikivoyage",0.982037660262702,0.00288422467215799,0.0121140637919298,0.000440072949833847,0.00224704177467903,4.90792445947469e-05,0.000134390863141139,6.32786690316739e-05,3.01877719302867e-05,"eswikivoyage","Wikivoyage"
"etwiki",0.315523272509228,0.633802236316545,0.0199310282672957,0.00182889350832581,0.0216868801177725,0.00179160413804814,0.00071768043999203,0.00313664075176005,0.00158176395103251,"etwiki","Wikipedia"
"euwiki",0.0599143877316071,0.144703698795621,0.793076828024834,0.000516040216076523,0.000102234107471058,5.79837082067222e-05,0.000273689720404633,5.29753497808531e-05,0.00130216234599804,"euwiki","Wikipedia"
"extwiki",0.88326340464756,0.00244796099003013,0.0140220170003564,0.00167999424893424,0.0979679764560989,0.00013274882423117,0.000230013420714474,0.000173098176031011,8.27862360437538e-05,"extwiki","Wikipedia"
"fawiki",0.232249333313122,0.751107482392091,0.000725144644646794,0.00235278683066495,0.000861044094121277,0.00955496958385017,0.00046948442875641,0.00116291253592232,0.00151684217682515,"fawiki","Wikipedia"
"fawikiquote",0.990784119694809,0.00638190531796017,0.00233646873356655,0.000200216693969761,5.51671664214874e-05,6.9906130156043e-05,5.60446516761729e-05,6.00128501562253e-05,5.61587612848422e-05,"fawikiquote","Wikiquote"
"fawikivoyage",0.981876674910675,0.00148859570269223,0.0134463871811896,0.00109814642182064,0.0016711399993891,4.18837187334896e-05,0.000309235265307426,4.2273215574196e-05,2.56635846181145e-05,"fawikivoyage","Wikivoyage"
"fiu_vrowiki",0.941872670106584,0.0141914791011583,0.000647041549684915,0.000210978469620042,0.0428400836237824,6.12829721864347e-05,6.31127380449873e-05,6.60361908412089e-05,4.73152480980251e-05,"fiu_vrowiki","Wikipedia"
"fiwiki",0.0513413031835349,0.519078263184857,0.00510544564564557,4.47314160251742e-05,0.423009141952362,0.000651251256020077,0.000384378479211702,0.000313832886334311,7.16519960091746e-05,"fiwiki","Wikipedia"
"fiwikivoyage",0.981452739087535,0.00563013428455298,0.00520554801457495,0.00063447570572882,0.00673152583037615,9.99101286409594e-05,7.58880547403255e-05,0.000102897437552516,6.68814562981075e-05,"fiwikivoyage","Wikivoyage"
"fowiki",0.819302556659202,0.00191519848342987,0.166839607341763,0.000148754960778018,0.00136334279238499,1.5970653843664e-05,0.0103531069132452,2.39912728179279e-05,3.74709225361027e-05,"fowiki","Wikipedia"
"frpwiki",0.235887186867753,0.734251520539804,0.0217440994780023,0.00148128206994089,0.00606014194337857,0.000134046718096635,0.000215126601908779,0.000167905441791335,5.86903393240374e-05,"frpwiki","Wikipedia"
"frrwiki",0.855746657055563,0.00212418888406834,0.0400933151040966,0.0891726208028403,0.0116847727957872,0.000204658438859581,0.000515738042767979,0.000428746055368802,2.93028206481297e-05,"frrwiki","Wikipedia"
"frwiki",0.000130011418885722,0.208394408918893,0.786057159981929,0.000343187282148347,0.00264252277074588,5.44035025410916e-05,0.001216085811067,0.000558348565974202,0.000603871747815498,"frwiki","Wikipedia"
"frwikibooks",0.00032970656116085,0.997362347510715,0.000329706561160575,0.000329706561160567,0.000329706561160567,0.000329706561160569,0.000329706561160567,0.000329706561160572,0.000329706561160567,"frwikibooks","Wikibooks"
"frwikinews",0.192097223598747,0.777136395684264,0.00414376314433369,0.000266271847607657,0.026062078904233,3.2247955679147e-05,8.03201107970502e-05,5.17885312363576e-05,0.000129910223102228,"frwikinews","Wikinews"
"frwikiquote",0.00939115073336021,0.973361939313659,0.0124240593262105,4.72782015405217e-05,0.00445825665442159,8.58703588526842e-05,4.75363450578387e-05,9.8900159956477e-05,8.50089069416012e-05,"frwikiquote","Wikiquote"
"frwikisource",0.470070235692931,0.0405160967411316,0.445244991271798,1.99012059198385e-05,0.0440010181469489,7.11590215632638e-06,6.61983914811464e-06,1.35545274561661e-05,0.000120466672510187,"frwikisource","Wikisource"
"frwikivoyage",0.125067753023759,0.873965286691056,0.000331341639105813,1.41051354507371e-05,0.000611577589832507,1.96758086934743e-06,3.76920725594701e-06,2.21815226492672e-06,1.98098040586865e-06,"frwikivoyage","Wikivoyage"
"furwiki",0.359233511249535,0.0258649715404293,0.0485472933544855,0.000359006972647095,0.5654045821167,7.23203786742269e-05,7.03775847615951e-05,7.13634213819749e-05,0.000376573381385177,"furwiki","Wikipedia"
"fywiki",0.978459662488691,0.00199860136167606,0.0026613583629191,2.06423598904452e-05,0.0110859013201045,0.000104228906425726,0.000236827330026122,5.19924761735914e-06,0.00542757862264963,"fywiki","Wikipedia"
"gagwiki",0.00032970656116059,0.000329706561160569,0.000329706561160567,0.000329706561160568,0.000329706561160572,0.000329706561160567,0.997362347510716,0.000329706561160567,0.00032970656116058,"gagwiki","Wikipedia"
"ganwiki",0.269655391900211,0.706934538141873,0.000802884692594871,5.09865365436337e-05,0.00115306398640908,1.51527264671449e-05,0.0213290621048484,1.1208255359875e-05,4.77116556936178e-05,"ganwiki","Wikipedia"
"gawiki",0.490340340411278,0.481454223652388,0.00723526416447576,2.83785614376409e-05,0.0108482477653871,0.000392151770616631,0.00482709661109847,0.000412306138862761,0.00446199092445561,"gawiki","Wikipedia"
"gdwiki",0.181090903872329,0.000949438190720497,0.816718493154149,5.00639462209136e-05,0.00112433858678346,5.35156399517818e-06,5.6477071153029e-06,7.32752827337407e-06,4.84354504130104e-05,"gdwiki","Wikipedia"
"glkwiki",0.159924261405945,0.804612606126393,0.011764725832926,0.00527776231927448,0.017658872553016,0.000210713435718933,0.000166518581512116,0.000165111496328107,0.00021942824888577,"glkwiki","Wikipedia"
"glwiki",0.484022557289682,0.460555833535309,0.0121950436748754,8.61058776347901e-07,0.0212275540377949,0.0143964258836222,0.00149226433375969,0.00111178156639104,0.00499767861978994,"glwiki","Wikipedia"
"gnwiki",0.988211716293967,0.00281425714085523,0.000554609159260402,6.11596292942219e-05,0.00827203901103971,2.236266438092e-05,2.44668451344626e-05,2.01158819824723e-05,1.92733740853935e-05,"gnwiki","Wikipedia"
"gomwiki",0.716279553208468,0.278296804764441,0.00373534083467976,0.000211835551041198,0.00103112838161729,0.000182422466740608,8.44866713343765e-05,9.58139678699121e-05,8.26141538076445e-05,"gomwiki","Wikipedia"
"gotwiki",0.000329706561161113,0.000329706561160567,0.000329706561160586,0.000329706561160575,0.997362347510715,0.000329706561160567,0.000329706561160567,0.000329706561160567,0.000329706561160567,"gotwiki","Wikipedia"
"guwiki",0.994033660529186,0.000289952804832511,0.000168467473711698,2.5196592806173e-05,0.000207506193212051,7.90884552833966e-06,0.00523039215480978,8.28613096400862e-06,2.86292749499035e-05,"guwiki","Wikipedia"
"guwikisource",0.997362347510715,0.000329706561160662,0.000329706561160631,0.000329706561160611,0.000329706561160567,0.000329706561160567,0.000329706561160567,0.000329706561160567,0.000329706561160567,"guwikisource","Wikisource"
"gvwiki",0.978026339715679,0.00527577016764044,0.0137899374875494,0.000640235451927229,0.00149547152689032,8.53089342668859e-05,0.000487877327990029,7.89152016886884e-05,0.00012014418636849,"gvwiki","Wikipedia"
"hakwiki",0.965988017497235,0.000909127697412017,0.0042654107615375,0.000198946983734816,0.00227051703206949,2.33446397170286e-05,0.0262503703090812,2.68193694792803e-05,6.74457097338609e-05,"hakwiki","Wikipedia"
"hawwiki",0.901848146475287,0.00731964514815289,0.00637220181021133,0.00338267574695175,0.0805118817921218,9.60964894405468e-05,0.000103166950632853,0.000199780157173387,0.000166405430028266,"hawwiki","Wikipedia"
"hewiki",0.0889335030068907,0.453163761367613,0.453447559624727,0.000372288015991348,0.000186358894163152,0.00222195516795096,0.000386878276721055,0.000280437637433812,0.00100725800850956,"hewiki","Wikipedia"
"hewikiquote",0.997362347510715,0.000329706561160567,0.000329706561160582,0.000329706561160573,0.00032970656116065,0.000329706561160567,0.000329706561160567,0.000329706561160567,0.000329706561160567,"hewikiquote","Wikiquote"
"hewikisource",0.98149850867045,0.00646580692580529,0.00538336019122241,0.00138768503149012,0.0049398072831169,8.68735832345303e-05,6.62423960601275e-05,0.000103182692210376,6.85332264100438e-05,"hewikisource","Wikisource"
"hewikivoyage",0.990671613201469,0.00419106805868961,0.00342439363559379,0.000202225089223762,0.0013646419726064,2.77268077588941e-05,5.59212064839343e-05,4.18018027591409e-05,2.06082254155304e-05,"hewikivoyage","Wikivoyage"
"hifwiki",0.990601592315949,0.000213955270783297,0.000676192115853736,0.000138563817517756,0.00824453570245712,3.08154425383667e-05,2.93488770563977e-05,3.70058742722526e-05,2.79905835717007e-05,"hifwiki","Wikipedia"
"hiwiki",0.927511848706145,0.000201454185532196,0.0719727407286288,6.13414176690242e-06,0.000192320328878897,3.94828317102094e-05,7.07027325995662e-05,3.05971251136013e-06,2.25663222739408e-06,"hiwiki","Wikipedia"
"hrwiki",0.421122391467402,0.575172719415008,0.000134572885077511,6.20990155114813e-07,0.000288945125481102,0.00112311823877739,0.00151594541188836,0.00064118247336203,5.03992848240085e-07,"hrwiki","Wikipedia"
"hsbwiki",0.875276306366803,0.00640429097470855,0.0269544367519981,0.0871781492228588,0.00324313315361557,0.000204865428012876,0.000229638225990863,0.000478821625111876,3.035825090003e-05,"hsbwiki","Wikipedia"
"htwiki",0.987478880630254,0.00933981518553284,0.00167981986805942,0.000401151284804463,0.000866906387288027,5.12573949290261e-05,5.04812297428822e-05,5.8245169461142e-05,7.34428499285448e-05,"htwiki","Wikipedia"
"huwiki",0.0725970981094338,0.0818528161672784,0.841683672603931,0.000755248912602556,6.15225070529012e-05,0.000176943177083844,0.0014246895773068,0.00142748053726466,2.05284080467254e-05,"huwiki","Wikipedia"
"huwikiquote",0.493549082301715,0.479137866418692,0.0214376391299886,0.000487570444444074,0.0046474563720246,0.000165101540943637,0.000170275092922803,0.000186211373758205,0.000218797325511887,"huwikiquote","Wikiquote"
"hywiki",1.97464117691344e-07,1.82655389438745e-09,7.34975451067604e-07,8.60826306371032e-06,5.55802296616453e-09,4.67825735111631e-06,6.11606618950986e-05,0.999916770884604,7.84210894011942e-06,"hywiki","Wikipedia"
"iawiki",0.0790076716282112,0.000269516927874297,0.915838603183855,2.21434506487107e-05,0.000735561914709868,0.00356325002933142,5.98896003251354e-05,0.000499233278248235,4.12998679641964e-06,"iawiki","Wikipedia"
"idwiki",0.43320944721432,0.549576616561168,0.00588612304969433,0.00225332527670349,0.000423310355746624,0.00315117248113157,0.00123047704667132,0.00229949842499547,0.00197002958956914,"idwiki","Wikipedia"
"iewiki",0.893099943723948,0.0012874593511902,0.0189929945222941,0.000709628415060074,0.0269032878679647,0.0584559630730909,0.000449720379402741,6.62707715161616e-05,3.47318955335021e-05,"iewiki","Wikipedia"
"igwiki",0.503744596815683,0.000247916259652994,0.00100231257779598,0.000861403136913773,0.00575465431522576,0.000165098414445225,0.487171031479851,0.000234661435387446,0.000818325565044933,"igwiki","Wikipedia"
"ilowiki",0.267850067787214,0.00052679366863887,0.571783016075792,0.000136540437894366,0.0120226100000678,0.0279775382866725,0.0349363581972621,0.0443349135762277,0.0404321619702303,"ilowiki","Wikipedia"
"iowiki",0.967123181537762,0.000602416979744565,0.00145039343724694,8.48637487864954e-05,0.00163212597897789,0.00516063817635778,0.0113884802451999,0.00154087797173484,0.0110170219241897,"iowiki","Wikipedia"
"iswiki",0.959846938068393,0.00354687002292644,0.0253767977848443,2.67197845732628e-05,0.0109682242266561,6.99494828177726e-05,0.000156690953572312,3.84609792619878e-06,3.96357829026901e-06,"iswiki","Wikipedia"
"itwiki",0.0460108485088733,0.931669552723858,0.0147155073746524,0.000735089104484797,0.00262718292799307,0.000411211579433359,0.000186923056329312,0.00273520674181291,0.000908477982563275,"itwiki","Wikipedia"
"itwikibooks",0.00910270329635614,0.945982343866154,0.0102737017669597,0.000165164600271531,0.0325133079470637,0.000213824292696153,0.000165730117078352,0.000308795961241774,0.00127442815217885,"itwikibooks","Wikibooks"
"itwikinews",0.000329706561160567,0.997362347510715,0.000329706561160567,0.000329706561160679,0.000329706561160567,0.000329706561160569,0.000329706561160567,0.000329706561160567,0.000329706561160585,"itwikinews","Wikinews"
"itwikiquote",0.972422462455813,0.0227739705509032,0.00334135009329872,8.1037317037931e-05,0.00128502419752623,2.70340789482652e-05,2.42929935851231e-05,1.93593317019422e-05,2.54689811851095e-05,"itwikiquote","Wikiquote"
"itwikisource",0.69353376476709,0.000144356688816762,0.0136246472819299,0.0122359176719278,0.0004699640944903,0.00755285286540288,0.198472335935003,0.0186179479448444,0.0553482127504952,"itwikisource","Wikisource"
"itwikivoyage",0.988464327051983,0.00229137568718951,0.00763101724644527,0.000356512395505195,0.0010324318794171,3.72129438304749e-05,0.000127569121679826,3.80741666573772e-05,2.14795072921626e-05,"itwikivoyage","Wikivoyage"
"jamwiki",0.992231751591815,0.000130471413546633,0.00579321739580449,0.000497738352071125,0.00094792433103076,0.000100536064458754,8.72763915355959e-05,0.00012846684090438,8.26176188331816e-05,"jamwiki","Wikipedia"
"jawiki",0.155445799555072,0.830542017159179,0.00506614680829313,0.00199306974498725,0.000718625902219531,0.00303039105873648,0.000385840876775175,0.00180630370150214,0.00101180519323611,"jawiki","Wikipedia"
"jbowiki",0.994520422127933,0.000165118854676807,0.00090747322733944,0.00081213616006666,0.00288120977306591,0.000165098388380197,0.000172059568126892,0.000211357009906778,0.000165124890503783,"jbowiki","Wikipedia"
"jvwiki",0.973279371307836,0.000842064817530327,0.000302505151239566,1.68565874731535e-05,0.00307170800627084,0.00322663180817136,0.00888770875414931,0.00364210526145169,0.00673104830587731,"jvwiki","Wikipedia"
"kaawiki",0.997362347510715,0.000329706561160631,0.000329706561160779,0.000329706561160577,0.000329706561160743,0.000329706561160569,0.000329706561160567,0.000329706561160568,0.000329706561160567,"kaawiki","Wikipedia"
"kabwiki",0.982151989459209,0.00111016780047507,0.00251432487761664,0.000680595895032053,0.0124690237658828,0.000169302115707929,0.000212153983975401,0.000222203334034436,0.000470238768066502,"kabwiki","Wikipedia"
"kawiki",0.144618939757302,0.269561671989442,0.195867862909008,2.43728079737204e-07,0.00011050144041075,0.0249631632333046,0.00394325860943933,0.359551192030019,0.00138316630299477,"kawiki","Wikipedia"
"kbdwiki",1.65341466468968e-06,1.65341706880997e-06,1.65341567148081e-06,0.980005824167367,1.80211371487451e-06,2.40415729667533e-06,0.0199804449386198,2.89535651670653e-06,1.66901908018553e-06,"kbdwiki","Wikipedia"
"kbpwiki",0.992883369540137,0.000147788265474054,0.000402418983120697,8.96548639386673e-05,0.00639212172305036,1.94319226921077e-05,2.04598575960742e-05,2.63523182922201e-05,1.84025256986229e-05,"kbpwiki","Wikipedia"
"kgwiki",0.997362347510715,0.000329706561160644,0.000329706561161144,0.000329706561160657,0.000329706561160634,0.00032970656116057,0.000329706561160584,0.000329706561160571,0.000329706561160566,"kgwiki","Wikipedia"
"kkwiki",0.970113942940287,0.000748232570708518,0.000749457128528516,2.74560285647439e-05,0.00100120947646013,0.00036167251732261,0.0136292703630604,0.000127004283223705,0.013241754691844,"kkwiki","Wikipedia"
"kmwiki",0.994663695939939,0.00457481241051943,0.000369991424446235,4.46401499223574e-05,0.000250067149709984,2.67184553247481e-05,2.14192488921072e-05,2.25881780237465e-05,2.60670432219286e-05,"kmwiki","Wikipedia"
"knwiki",0.998874056448814,0.00045963145534655,0.000210828845970402,3.4401327980142e-05,0.000392841468768175,6.29000307588655e-06,6.85650127061018e-06,8.66955278407324e-06,6.42439598976821e-06,"knwiki","Wikipedia"
"koiwiki",0.997362347510715,0.000329706561160642,0.000329706561160599,0.000329706561160582,0.000329706561160567,0.000329706561160567,0.000329706561160567,0.000329706561160568,0.000329706561160567,"koiwiki","Wikipedia"
"kowiki",0.196810959784528,0.771409355543541,0.00932296455283708,0.00185725905552253,0.00617415838456674,0.0112117117159615,0.000346896782056506,0.00153290952223259,0.00133378465875472,"kowiki","Wikipedia"
"krcwiki",0.617328082442433,0.0119160122032787,0.368163325537159,0.000653679800817588,0.00153752374459191,7.87870322883206e-05,6.11814595061956e-05,0.000219987590541588,4.1420189383666e-05,"krcwiki","Wikipedia"
"kshwiki",0.335446022472013,0.573585931460575,0.00695586838913403,0.000441360144888707,0.0834367801946888,3.42465908412859e-05,3.11543864941306e-05,4.66756098318841e-05,2.19607515327982e-05,"kshwiki","Wikipedia"
"kswiki",0.990749335409834,0.00297784040221829,0.00213485467640923,0.000531925155151117,0.00289150804693861,0.000165098781714915,0.000171895948158601,0.000202513277438311,0.000175028302136683,"kswiki","Wikipedia"
"kuwiki",0.996686891336448,0.000665958827923323,0.00136951412959893,9.37504732986843e-05,0.00107028272673714,1.42574697516948e-05,6.44245652799095e-05,2.3166960083663e-05,1.17535108792577e-05,"kuwiki","Wikipedia"
"kvwiki",0.997362347510715,0.000329706561160599,0.000329706561160618,0.00032970656116059,0.000329706561160567,0.000329706561160567,0.000329706561160567,0.000329706561160568,0.000329706561160567,"kvwiki","Wikipedia"
"kwwiki",0.625572959314655,0.209589011997508,0.00132984764288693,0.00107426147447504,0.162281748445308,3.89514712437031e-05,3.7195356909441e-05,4.04946125684798e-05,3.55296844450359e-05,"kwwiki","Wikipedia"
"kywiki",0.995652998711623,0.00105637499743045,0.00235203270681966,0.000107759070645825,0.000742913290754779,1.57654936394237e-05,4.25096820971366e-05,1.97727461047327e-05,9.8733008850218e-06,"kywiki","Wikipedia"
"ladwiki",0.362158869584107,0.618452159057372,0.00170451757347126,0.000102764958991043,0.000505359116712996,1.41050273643667e-05,0.0170031560205443,1.28836053455811e-05,4.61850560911441e-05,"ladwiki","Wikipedia"
"lawiki",0.185035030570419,0.112860254787511,0.692305763705813,0.00196461346105982,0.00312800822881687,0.000365876628708633,0.00238811362242328,0.000479774908725653,0.00147256408652214,"lawiki","Wikipedia"
"lbewiki",0.889905600585166,0.00134776095017013,0.00256554128073402,0.000384470348367973,0.105112890167239,0.00017113407578113,0.00017134783852058,0.000176144738141125,0.000165110015880211,"lbewiki","Wikipedia"
"lbwiki",0.98906744482194,0.00274512899860026,0.00143339399029312,2.02632252071898e-05,0.000817266181273721,4.65080334776821e-06,2.25788897358423e-05,4.97521955436161e-06,0.00588429787004759,"lbwiki","Wikipedia"
"lezwiki",0.950672932736405,0.00678193083620567,0.0200813128117371,0.00798698587357039,0.0134126713696845,0.000178548116311403,0.000174716095266249,0.00054575965130699,0.000165142509513098,"lezwiki","Wikipedia"
"lijwiki",0.963351557973525,0.0151456816449509,0.0134867482496377,0.000180838139323843,0.00738187006537086,9.51858577552628e-05,9.81008864538193e-05,0.000107313182216708,0.000152704000766221,"lijwiki","Wikipedia"
"liwiki",0.991496202305666,0.00504679958636925,0.00202443251060351,0.00015034189382509,0.00108068664522853,1.98583904788746e-05,1.6707843194586e-05,1.80489915691742e-05,0.000146921833064898,"liwiki","Wikipedia"
"lmowiki",0.978072805866229,0.00249304152784467,0.00294441105036349,0.000183695344356981,0.0162163909758207,1.33449435251753e-05,4.07949484585037e-05,1.86802309149623e-05,1.68351124863133e-05,"lmowiki","Wikipedia"
"lnwiki",0.92587082979688,0.058060564009463,0.00894201755383356,0.000906273826141072,0.00553069511106116,0.000182103231793296,0.000127820220029073,0.000264398890965862,0.000115297359833261,"lnwiki","Wikipedia"
"lowiki",0.994250928688399,0.00168086439623114,0.00167534458702053,0.00022752785876227,0.00190376573695959,2.32512705118281e-05,0.00017704036693561,3.47970594009412e-05,2.64800357789328e-05,"lowiki","Wikipedia"
"lrcwiki",0.95841819958546,0.0247730003882175,0.0131700920463857,0.000165172652533059,0.00276992340288239,0.000201829769685957,0.000165191803079212,0.000165101048264199,0.000171489303491733,"lrcwiki","Wikipedia"
"ltgwiki",0.42319070484431,0.508486582318581,0.00186260195363585,0.000311394819799075,0.0654587045827254,0.00019752323835708,0.000238153681008774,0.000170856952967267,8.34776086158125e-05,"ltgwiki","Wikipedia"
"ltwiki",0.438152417434333,0.556800180079234,0.00200442740677824,3.3127252571267e-06,0.000972383846296022,0.0001211200350907,5.20536583188293e-05,7.49194204216769e-05,0.00181918539427059,"ltwiki","Wikipedia"
"lvwiki",0.589630147045689,0.393591997076985,0.00159996593936984,0.00274676033491586,0.000393739242828029,0.00464445959354556,0.000280455640258265,0.00205461134485298,0.00505786378155557,"lvwiki","Wikipedia"
"maiwiki",0.997791979241738,0.0010362104332982,8.11466389595137e-05,1.44859042966795e-05,0.0010632646669497,3.62775545476524e-06,3.04613721672423e-06,3.25389812405048e-06,2.98532396278672e-06,"maiwiki","Wikipedia"
"map_bmswiki",0.495979197963958,0.00745795612439134,0.00159320175029936,0.000850707579221796,0.00567711292825153,0.00017292879825287,0.487218863906645,0.000231583713899068,0.000818447235081528,"map_bmswiki","Wikipedia"
"mdfwiki",6.77381814395897e-05,1.29659912032779e-05,1.07548722798908e-05,0.947643182487736,0.000132536537936976,6.1571335228793e-05,0.0264388830919128,0.000149928300017892,0.0254824392022449,"mdfwiki","Wikipedia"
"mediawikiwiki",0.70014910981601,0.000648773903976939,0.2969681882639,0.000126547016825439,0.00166832099772497,9.21086008770615e-05,5.68293574129014e-05,0.00015186190533984,0.000138260137933406,"mediawikiwiki","Other"
"metawiki",0.000351511875326461,0.989947003876722,5.4402926571919e-05,6.15614902393561e-07,8.97657554211085e-05,0.00709580379600715,0.00205498618242378,0.000405413834594506,4.9613803095471e-07,"metawiki","Other"
"mgwiki",0.906320939314655,0.00214128587889497,0.00165763277315951,0.000228138279291849,0.0893514841103833,6.9055349238566e-05,6.70893732790775e-05,9.77777925381297e-05,6.65971285592207e-05,"mgwiki","Wikipedia"
"mhrwiki",0.000229238223515976,3.96205559848938e-05,0.00013450031148006,0.677892994031164,0.000126640982535628,0.300800814072217,0.0111320583098067,0.00911545697570376,0.000528676537592052,"mhrwiki","Wikipedia"
"minwiki",0.985251840425584,0.00903396866800426,0.00131362142717948,0.000221240101535216,0.00393664925404644,6.45933503106513e-05,5.41097948411354e-05,7.61431781355985e-05,4.78338003635337e-05,"minwiki","Wikipedia"
"miwiki",0.988892967702221,0.00123654268441371,0.00396160970653023,0.000539946664332872,0.00472758388829421,0.000112880427250972,0.000127296077363689,0.000152643395762483,0.000248529453831106,"miwiki","Wikipedia"
"mkwiki",0.324175866110734,0.657247596594421,0.000810471779679114,0.00200295891725029,0.000631773711877511,0.00249898699377128,0.00278080189042379,0.0010253678455135,0.00882617615632938,"mkwiki","Wikipedia"
"mlwiki",0.982714210384403,0.000507332618454368,8.99217020086164e-05,1.18851592707146e-05,0.0128013419101176,4.72809698458952e-05,0.000107583912899311,1.99080361087668e-06,0.00371845253938942,"mlwiki","Wikipedia"
"mnwiki",0.755321256587437,0.000722930283520594,0.000369752992419819,3.51235500552932e-05,0.000576627879897169,0.0543435316396209,0.00335220748938981,0.183718422301025,0.00156014727663393,"mnwiki","Wikipedia"
"mrjwiki",0.988556090100015,0.00665112153555318,0.00372474066339188,0.000758888840716471,5.51965811549884e-05,6.75915449651205e-05,5.94261786253786e-05,7.18360260686488e-05,5.5108529509696e-05,"mrjwiki","Wikipedia"
"mrwiki",0.998207230272485,0.000242944973566781,0.00056676174231012,2.34991232468409e-05,0.000311389466566697,4.6947932699218e-06,0.000629346402275171,5.6740586883968e-06,8.45916759097621e-06,"mrwiki","Wikipedia"
"mswiki",0.986484597116986,0.000550355340064529,0.000871177817465344,1.73870470057121e-06,0.00220486299723428,0.0041332421903043,0.00320618781650475,0.00220576046792651,0.000342077548814265,"mswiki","Wikipedia"
"mtwiki",0.435509359219065,0.450888323791996,0.00524234495199751,0.000568561154832806,0.0173988395602143,5.37799848553336e-05,0.0900933369286816,5.3388139591546e-05,0.000192066268766349,"mtwiki","Wikipedia"
"mwlwiki",0.914906449240568,0.077405029154046,0.00402491506403699,0.000639510475446695,0.00265963998263952,8.68856505337561e-05,9.19340617180214e-05,9.3331824013243e-05,9.230454699751e-05,"mwlwiki","Wikipedia"
"myvwiki",0.000121510102509694,0.00128604600625313,6.16061194523423e-05,0.99633145287037,0.00203673605114231,3.89464916684812e-05,3.28741407038927e-05,8.53952958084978e-05,5.43292209137827e-06,"myvwiki","Wikipedia"
"mywiki",0.979812340684986,0.00113867294779379,0.0018394525838332,5.6849044656579e-05,0.0171153962181675,1.05400413867074e-05,7.63856910398412e-06,1.11871109429116e-05,7.92279912938968e-06,"mywiki","Wikipedia"
"mznwiki",0.961775933031685,0.00237682179510458,0.00422991519403085,0.000410934718318454,0.0309224221748008,2.0558414432583e-05,0.000194598397163134,4.2174215310254e-05,2.66420591538864e-05,"mznwiki","Wikipedia"
"nahwiki",0.949910168266845,0.00272264795840476,0.0203454845557657,0.00112468851576366,0.0249775677172173,0.000122073480839181,0.000570966358198187,0.000143122948022676,8.3280198943772e-05,"nahwiki","Wikipedia"
"napwiki",0.615850777508396,0.367370696077325,0.0123992700207172,0.000219440205745611,0.00393510035194719,5.10600254715335e-05,3.04902359073229e-05,7.70276176222734e-05,6.61379568689467e-05,"napwiki","Wikipedia"
"nawiki",0.984749465031444,0.0127283252223811,0.000933792966041255,0.000165707303552382,0.0012032366476587,6.39619028532067e-05,4.52345211183166e-05,4.87702397127364e-05,6.15061652382414e-05,"nawiki","Wikipedia"
"nds_nlwiki",0.992464085491508,0.00209861806607197,0.00430066370856073,8.20474027376405e-05,0.000771391649689477,2.77064959554866e-05,2.15589924386208e-05,2.79933892944683e-05,0.000205934803743149,"nds_nlwiki","Wikipedia"
"ndswiki",0.96873177714843,0.00387262859378175,0.026522480319347,0.000114289383895006,0.0005664837190457,2.86012412098269e-05,6.38801033945805e-05,2.31859878870216e-05,7.66735030086627e-05,"ndswiki","Wikipedia"
"newiki",0.998751840397168,0.000831815615757378,0.000146773355626203,1.9826757283937e-05,0.000231289780579856,4.7999807382237e-06,4.25130451077791e-06,4.8929516358567e-06,4.5098566997414e-06,"newiki","Wikipedia"
"newwiki",0.991834648544004,0.00177840374462585,0.00435499746613206,9.70390244062529e-05,0.00185673835092886,2.21537941525552e-05,1.64621909222035e-05,2.34871782723703e-05,1.60697065554355e-05,"newwiki","Wikipedia"
"nlwiki",0.0665715321192844,0.917108504374505,0.00345309297776505,0.00125727575295675,0.00659427311557295,0.002077843502377,0.000211565165906133,0.00194617007622773,0.000779742915404469,"nlwiki","Wikipedia"
"nlwikinews",0.997362347510715,0.000329706561160638,0.000329706561160942,0.000329706561160567,0.000329706561160567,0.000329706561160567,0.000329706561160567,0.000329706561160569,0.000329706561160567,"nlwikinews","Wikinews"
"nlwikivoyage",0.995041305712362,0.000708481690663027,0.00330082102894386,0.000154034301657826,0.000494198301328513,2.14601760887558e-05,8.13714373532607e-05,2.43978856867874e-05,0.000173929465915765,"nlwikivoyage","Wikivoyage"
"nnwiki",0.338012123145057,0.309316806140366,0.344329791931141,0.0019671321394454,0.00208553665029306,0.00107445283975411,0.00255438121409718,0.000620228417046827,3.95475227998826e-05,"nnwiki","Wikipedia"
"nnwikiquote",0.990227410752114,0.00632311392032124,0.00152562915793012,0.000195219395312419,0.00134290757599247,0.000110705683972993,8.74700333636348e-05,0.000104911138938279,8.26323420549215e-05,"nnwikiquote","Wikiquote"
"nowiki",0.00797269580984557,0.132850588755808,0.857947230747833,0.000709314935175224,5.25293671255798e-05,9.91318077258408e-05,0.000264572630777492,8.23025763498491e-05,2.16333693586438e-05,"nowiki","Wikipedia"
"nowikibooks",0.000329706561160567,0.00032970656116114,0.000329706561160892,0.000329706561160567,0.997362347510715,0.000329706561160567,0.000329706561160567,0.000329706561160567,0.000329706561160567,"nowikibooks","Wikibooks"
"nrmwiki",0.994198880273235,0.000602417989777853,0.00201783600549283,0.000234632860851773,0.00271884273944949,3.46949963430738e-05,0.000118875956715031,4.54312797058724e-05,2.83878984288641e-05,"nrmwiki","Wikipedia"
"nvwiki",0.000329706561160974,0.997362347510715,0.000329706561161047,0.000329706561160567,0.000329706561160567,0.00032970656116057,0.000329706561160567,0.000329706561160574,0.000329706561160568,"nvwiki","Wikipedia"
"nywiki",0.000329706561161222,0.000329706561160567,0.997362347510715,0.00032970656116065,0.000329706561160617,0.00032970656116057,0.000329706561160615,0.000329706561160572,0.000329706561160567,"nywiki","Wikipedia"
"ocwiki",0.97109079309307,0.00129797477119979,0.00233616397695792,0.0087921039254633,0.000337956138918404,0.00408839419893854,0.00379639322313626,0.00758669738892527,0.000673523283390511,"ocwiki","Wikipedia"
"olowiki",0.00127168177485511,5.80268558549212e-05,6.38927581875641e-05,0.998494344136582,8.33070560651614e-05,7.44905943763029e-06,1.17574248949165e-06,1.88903117605244e-05,1.23230476728786e-06,"olowiki","Wikipedia"
"omwiki",0.997362347510715,0.000329706561160567,0.000329706561160584,0.000329706561160581,0.000329706561160665,0.000329706561160567,0.000329706561160566,0.000329706561160567,0.000329706561160567,"omwiki","Wikipedia"
"orwiki",0.976338824171714,0.000896192286858774,0.000142475166275369,3.69906866698698e-05,0.000914555196604207,1.6948788985279e-05,0.0215770838490966,1.48558772381452e-05,6.20739765573967e-05,"orwiki","Wikipedia"
"oswiki",0.984919756668884,0.0121402690529759,0.002118778015507,0.000103229148826726,0.000582716651343357,3.96206280512124e-05,2.5079572187152e-05,5.06753804776434e-05,1.98748817467539e-05,"oswiki","Wikipedia"
"pamwiki",0.857047725059458,0.00544381417965587,0.00570132042330114,0.000555388088975761,0.0324007728158677,0.0367302699211033,0.0619438693123785,5.32538024685522e-05,0.00012358639679069,"pamwiki","Wikipedia"
"papwiki",0.987171980118608,0.000916872704632292,0.00912225910316804,0.000757569974377054,0.00114882926941454,8.52334332402502e-05,0.000629048327322225,9.73940226932719e-05,7.08130465445754e-05,"papwiki","Wikipedia"
"pawiki",0.998837620237606,0.000227438628069952,0.000271233709222055,8.52873574116268e-06,0.000483220500937759,2.33671884776882e-06,0.000162828635502319,2.8044265525709e-06,3.98840752000385e-06,"pawiki","Wikipedia"
"pcdwiki",0.420999175700001,0.442335580421148,0.0145505213613562,0.00154357681870933,0.119504045855914,0.00020643582399601,0.000115154256453538,0.000415448281349984,0.000330061481071809,"pcdwiki","Wikipedia"
"pdcwiki",0.917554120248571,0.00301799494348786,0.0748447451429581,0.00184756990208505,0.0018637149091186,0.000119540079599318,0.000525967976386566,0.000159638854420795,6.67079433723777e-05,"pdcwiki","Wikipedia"
"pflwiki",0.945484052839273,0.012503228429928,0.0317977734729936,0.00116816572144049,0.00852845752270669,8.6988709243818e-05,0.000289864862763634,9.39243661254879e-05,4.75440755249022e-05,"pflwiki","Wikipedia"
"piwiki",0.997362347510715,0.000329706561160856,0.000329706561160576,0.000329706561160586,0.000329706561160567,0.000329706561160567,0.000329706561160567,0.000329706561160568,0.000329706561160567,"piwiki","Wikipedia"
"plwiki",0.0661002562257261,0.915075081586214,0.0130398858135993,0.0013746198741568,0.00046024895542548,0.00100341260204561,0.000273017421003212,0.00200831134776672,0.00066516617406307,"plwiki","Wikipedia"
"plwikiquote",0.992405348784925,0.00539905100539778,0.00119445814364698,0.000198056501739436,0.00065614915120214,1.58346722440102e-05,9.54082208488465e-05,1.63863203867211e-05,1.93071996090036e-05,"plwikiquote","Wikiquote"
"plwikisource",0.983768788720377,0.00272250519519578,0.011725992086487,0.000642899122750236,0.000641005908030777,2.6632495397055e-05,0.000399399185910286,4.69154722703857e-05,2.58618135821446e-05,"plwikisource","Wikisource"
"plwikivoyage",0.986411202233842,0.00362514023038032,0.00812079923827655,0.000451287246870505,0.00107238379859183,4.61893175181943e-05,0.000204565568981131,4.57267377754766e-05,2.27056277635516e-05,"plwikivoyage","Wikivoyage"
"pmswiki",0.28634339877584,0.60105761752258,0.0923970879493383,7.87156395978222e-05,0.0049254225531487,0.013779693492361,3.49532252779783e-05,0.00135494510775669,2.81657340993653e-05,"pmswiki","Wikipedia"
"pnbwiki",0.506252396354921,0.339618046037195,0.149225619014571,0.00236939975086417,0.000221474426224638,5.99068232695725e-06,9.08589476424217e-05,1.33074886376007e-05,0.00220290729761768,"pnbwiki","Wikipedia"
"pswiki",0.983010361469687,0.0023352710139655,0.000205510944328183,1.77650461085038e-05,0.00238587616774997,0.00551135214074353,0.000415382046450667,0.0061144160830817,4.06508788454827e-06,"pswiki","Wikipedia"
"ptwiki",0.0815359210256078,0.902815423486022,0.00764527327216763,0.00151429096190439,0.0020852718616325,0.000362098079318195,0.000304627994233687,0.00277273256625832,0.000964360752855843,"ptwiki","Wikipedia"
"ptwikiquote",0.997362347510714,0.000329706561160642,0.000329706561160837,0.000329706561161529,0.000329706561161134,0.000329706561160567,0.000329706561160567,0.000329706561160569,0.000329706561160567,"ptwikiquote","Wikiquote"
"ptwikisource",0.00204241325164101,0.000449011947212922,0.996776908580087,0.00015682311691831,0.000509082115334671,1.49294973573909e-05,1.05306695916105e-05,2.96056617427432e-05,1.06951601147125e-05,"ptwikisource","Wikisource"
"ptwikivoyage",0.940110786076058,0.00652963922872083,0.0477987448106799,0.0017009928284921,0.00322838242069431,0.000166815166819711,0.000160815734661442,0.000193685057746764,0.00011013867612672,"ptwikivoyage","Wikivoyage"
"quwiki",0.96802788731428,0.00116643589648535,0.0293887894004456,0.000148980044152756,0.00110386144995454,2.81493753107487e-05,7.63490811505073e-05,3.66919214271713e-05,2.28555167938383e-05,"quwiki","Wikipedia"
"rmwiki",0.525122601850518,0.0159892172935873,0.0124346256468262,0.000478876883620755,0.445446796735037,5.37104263565711e-05,0.000182045999061906,8.44285940492463e-05,0.00020769657094299,"rmwiki","Wikipedia"
"rmywiki",0.000329706561160567,0.00032970656116057,0.000329706561160568,0.000329706561160567,0.000329706561160572,0.000329706561161543,0.000329706561160569,0.997362347510715,0.000329706561160567,"rmywiki","Wikipedia"
"roa_tarawiki",0.98218624535834,0.00436212408636294,0.00305368452282399,0.000397874231639745,0.00970075859792451,6.82010433935916e-05,7.06092383456462e-05,9.43894860947145e-05,6.61134350745366e-05,"roa_tarawiki","Wikipedia"
"rowiki",0.0352459660998233,0.000156390835664569,0.9570097600551,0.00132475453162959,9.30271524616602e-05,0.000288201270466718,0.00491704059106811,0.000220493988839197,0.000744365474946975,"rowiki","Wikipedia"
"rowikivoyage",0.970258954447319,0.00809259474443296,0.0191880239952865,0.000819679731990465,0.00127953630700079,6.65628081044143e-05,0.000162564520652657,9.21045519798892e-05,3.99788932331715e-05,"rowikivoyage","Wikivoyage"
"ruewiki",0.997362347510715,0.000329706561160567,0.000329706561160584,0.000329706561160581,0.000329706561160665,0.000329706561160567,0.000329706561160566,0.000329706561160567,0.000329706561160567,"ruewiki","Wikipedia"
"ruwiki",3.15112678000983e-07,2.31627132242472e-07,9.10166138649557e-07,0.0188492089179918,1.11050394843907e-07,0.981119506311903,2.08184627425225e-06,2.35809597376623e-05,4.05400774916381e-06,"ruwiki","Wikipedia"
"ruwikinews",0.81331690117993,0.00636275034454492,0.00211448591926906,0.000131072946995476,0.0914169273790388,0.0176476425355998,0.0493104127775928,0.019632836000066,6.69709169632529e-05,"ruwikinews","Wikinews"
"ruwikiquote",0.881832851802008,0.017225675538759,0.0291823419060544,0.000458149007684577,0.0709450037663112,5.32359419708225e-05,0.000201501341086868,7.25171159015279e-05,2.87235802233418e-05,"ruwikiquote","Wikiquote"
"ruwikisource",0.0355362755385842,1.89469491600999e-05,5.14820510785568e-05,3.4916042177223e-07,1.30773628912182e-05,0.0015523920739506,0.0171830572098882,0.945540142768093,0.000104276885932781,"ruwikisource","Wikisource"
"ruwikivoyage",0.985373320735442,0.00563140533415825,0.00525155883863663,0.000314343158918943,0.00316004578072792,4.93256936412909e-05,0.000140871756063987,5.4566986722743e-05,2.45617156877202e-05,"ruwikivoyage","Wikivoyage"
"rwwiki",0.992837133120163,0.00275714710459656,0.00274563582396565,0.00080982091773393,0.000725000311021394,3.23838205256738e-05,3.29391856098175e-05,3.78558312394769e-05,2.20838851447838e-05,"rwwiki","Wikipedia"
"sahwiki",0.991087700200644,0.00232666650646944,0.00355366875573746,0.00024718817143757,0.00258027376790902,3.30222999853672e-05,0.000112997653986974,3.60657828669458e-05,2.24168609636427e-05,"sahwiki","Wikipedia"
"sawiki",0.99897284667593,0.000526672396724252,0.000177888386601257,2.24044456737909e-05,0.000251004035894472,1.22379497704319e-05,1.13485812796526e-05,1.31983195208916e-05,1.23992086047733e-05,"sawiki","Wikipedia"
"scnwiki",0.8840103112188,0.00185877155663027,0.0895004124741476,7.27333781334908e-05,0.0012952961145209,0.00502121023539007,5.96442405027024e-05,0.00538978535698841,0.0127918354248869,"scnwiki","Wikipedia"
"scowiki",0.971099309170526,0.000357810397016402,0.00209233491979843,0.00404861433447473,0.00819575269036407,0.0019859844075602,0.00444314705733738,0.00133311848154787,0.00644392854137457,"scowiki","Wikipedia"
"scwiki",0.92616681987563,0.00903376604863844,0.0104611763661052,0.000122698237872389,0.0540995714666488,3.5541607140392e-05,2.4373334147026e-05,3.46959051265776e-05,2.13571586912199e-05,"scwiki","Wikipedia"
"sdwiki",0.989235980408875,0.00109977903976213,0.00228751096814688,0.000278779949199776,0.00687784275099784,5.86652408037757e-05,5.01897806808739e-05,6.19988985412644e-05,4.9252962992255e-05,"sdwiki","Wikipedia"
"sewiki",0.139755733230836,0.190846313999074,0.333061195793049,0.000110213489221288,0.00141777152721515,0.155799217296774,0.00019498952343203,0.178704307751001,0.000110257389397473,"sewiki","Wikipedia"
"shwiki",0.372979380449448,0.606278564622792,0.0106181490590211,0.00343915420168324,0.0011797356868111,0.00177753107718663,0.00142085758176414,0.00103793634669805,0.00126869097459615,"shwiki","Wikipedia"
"simplewiki",0.386543141383338,0.481382133426034,0.11529005956836,0.00247876718199569,0.00159723099611358,0.0074061811124742,0.00144493980265899,0.000672257061821312,0.00318528946720383,"simplewiki","Wikipedia"
"siwiki",0.9734347298428,0.00111788455152142,0.000978044348576712,0.000111541386589219,0.00110119752909185,1.21466981659634e-05,7.67920078591685e-05,1.50629083164219e-05,0.0231526007270797,"siwiki","Wikipedia"
"skwiki",0.273253593287066,0.715164309932675,0.000661350860899421,0.000508424804404899,0.0079430246452099,0.00017143964497311,0.00130063796230919,0.000146601958235831,0.000850616904226093,"skwiki","Wikipedia"
"skwikiquote",0.997362347510715,0.000329706561161004,0.000329706561160594,0.000329706561160567,0.000329706561160567,0.00032970656116057,0.000329706561160567,0.000329706561160567,0.000329706561160567,"skwikiquote","Wikiquote"
"slwiki",6.17564731567361e-06,3.87976999019409e-08,8.03610456751284e-08,0.999657634372623,6.12293592048156e-08,4.34622406596451e-08,0.000328490316963087,3.95801693208681e-08,7.43623258361347e-06,"slwiki","Wikipedia"
"slwikisource",0.997362347510715,0.000329706561160568,0.000329706561160624,0.000329706561160576,0.000329706561160606,0.000329706561160567,0.000329706561160567,0.000329706561160568,0.000329706561160567,"slwikisource","Wikisource"
"snwiki",0.20384084745749,0.571371228612865,0.0663748446119005,0.0107106610095203,0.146857131266971,0.000323200687494615,0.000191747146021381,0.000165108319736476,0.000165230888000835,"snwiki","Wikipedia"
"sowiki",0.977646596994273,8.65299969480341e-05,0.000497624109709451,0.000290790589092497,0.0212452788219218,5.50876189342241e-05,5.76390312240769e-05,6.53561831886132e-05,5.50966547085012e-05,"sowiki","Wikipedia"
"specieswiki",0.00204642713867508,0.0180605428000774,0.499634263370941,0.0020165539796823,0.477152597883217,0.000398574771023259,0.00016709522878834,0.000358843791379665,0.000165101036216532,"specieswiki","Other"
"sqwiki",0.978183438276036,0.00137587802252842,0.0057415109155758,0.00643377018712579,0.000615304335657357,0.00649968664948081,0.000276058976261454,3.61722788225907e-05,0.000838180358511398,"sqwiki","Wikipedia"
"srwiki",0.329624865160925,0.65129298982483,0.00040343555297364,0.00150308872920636,0.0034268434202005,0.0101397168752007,1.7334860105176e-05,0.000879482749087888,0.00271224282747128,"srwiki","Wikipedia"
"srwikinews",0.997362347510715,0.000329706561160703,0.000329706561160686,0.000329706561160598,0.000329706561160738,0.000329706561160567,0.000329706561160567,0.000329706561160577,0.000329706561160567,"srwikinews","Wikinews"
"srwikisource",0.000329706561160567,0.000329706561160615,0.997362347510715,0.000329706561160567,0.000329706561160676,0.00032970656116057,0.000329706561160567,0.000329706561160577,0.000329706561160567,"srwikisource","Wikisource"
"stqwiki",0.994243164577511,0.000703643959898341,0.0037331746298617,0.000155869408933794,0.000867987848648727,2.05011687489708e-05,0.000106374705241751,2.4837908158456e-05,0.000144445792997146,"stqwiki","Wikipedia"
"stwiki",0.997362347510715,0.000329706561160582,0.000329706561161137,0.000329706561160673,0.000329706561160625,0.00032970656116057,0.000329706561160569,0.00032970656116057,0.000329706561160567,"stwiki","Wikipedia"
"suwiki",0.941710826297171,0.00219938979385949,0.00080254134741079,0.000130991781090916,0.00230147062212076,2.69784873223805e-05,0.0526802288644589,3.26552476485964e-05,0.000114917558917229,"suwiki","Wikipedia"
"svwiki",0.0921620306038893,0.801612565123327,0.0922805133099305,0.00194725968231522,0.00590564398016191,0.00165045488657184,0.000374826963234882,0.00137325435713785,0.00269345109343079,"svwiki","Wikipedia"
"svwikinews",0.997362347510715,0.000329706561160576,0.000329706561160683,0.000329706561160576,0.000329706561160692,0.000329706561160566,0.000329706561160567,0.000329706561160569,0.000329706561160566,"svwikinews","Wikinews"
"svwikiquote",0.997362347510715,0.000329706561160567,0.000329706561160582,0.000329706561160573,0.00032970656116065,0.000329706561160567,0.000329706561160567,0.000329706561160567,0.000329706561160567,"svwikiquote","Wikiquote"
"svwikivoyage",0.337322867864782,0.00118724644678097,0.654183263077334,0.00248193955036036,0.00294816724707464,0.000175629532622769,0.00142576931415006,0.00018928015428454,8.58368126106144e-05,"svwikivoyage","Wikivoyage"
"swwiki",0.987584546524578,0.00082062747183926,0.0078630686068285,7.1335195040006e-05,0.00359696758820722,1.32875488492205e-05,2.94219411325073e-05,1.49740867925728e-05,5.77103673305542e-06,"swwiki","Wikipedia"
"szlwiki",0.981396241345325,0.00175271700152589,0.0125685977549912,0.000607483840825595,0.00321538669458637,6.24215045680868e-05,0.000301715923051418,6.15846455656402e-05,3.38512895611275e-05,"szlwiki","Wikipedia"
"tawiki",0.986418830353475,0.000408941209371246,0.00125237986830875,8.67732704846164e-06,0.000921059415461363,0.00423781335880097,4.07717539102784e-05,0.00242000922209715,0.00429151749152654,"tawiki","Wikipedia"
"tcywiki",0.997362347510715,0.000329706561160662,0.000329706561160631,0.000329706561160611,0.000329706561160567,0.000329706561160567,0.000329706561160567,0.000329706561160567,0.000329706561160567,"tcywiki","Wikipedia"
"test2wiki",0.000329706561160617,0.000329706561160573,0.000329706561160572,0.000329706561160567,0.997362347510715,0.000329706561160567,0.000329706561160567,0.000329706561160567,0.000329706561160567,"test2wiki","Wikipedia"
"testwiki",0.00032970656116059,0.000329706561160569,0.000329706561160567,0.000329706561160568,0.000329706561160572,0.000329706561160567,0.997362347510716,0.000329706561160567,0.00032970656116058,"testwiki","Wikipedia"
"testwikidatawiki",0.000165388741568248,0.0790718266772547,0.0361631840576947,0.000165169284132019,0.882608220566154,0.000278923994425163,0.000165803838538937,0.00039960842817715,0.00098187441205503,"testwikidatawiki","Other"
"tetwiki",0.997362347510715,0.000329706561160644,0.000329706561161144,0.000329706561160657,0.000329706561160634,0.00032970656116057,0.000329706561160584,0.000329706561160571,0.000329706561160566,"tetwiki","Wikipedia"
"tewiki",0.98429195182828,0.000269578432537484,0.000227819917140952,2.36332550321552e-05,0.000265571555558572,6.07563895961361e-06,4.61201557815166e-05,7.62894497470292e-06,0.0148616202717351,"tewiki","Wikipedia"
"tgwiki",9.92122682959276e-05,1.6117731002968e-05,0.00583336286101981,0.883127107939097,1.51046177397405e-05,0.101509243231981,0.00205486129980073,0.00728708994276741,5.79001082951696e-05,"tgwiki","Wikipedia"
"thwiki",0.471414511484521,0.526246045747692,0.000259435281055693,6.69087140723519e-06,0.000318961589111928,2.0675487715604e-05,8.46222571287339e-05,1.22292743414328e-06,0.00164783435393348,"thwiki","Wikipedia"
"tkwiki",0.994607186490406,0.00179582288650499,0.00170657992173883,0.000267634143584248,0.00138340511938193,5.11085336607723e-05,4.83704173283939e-05,7.13235311063583e-05,6.85689562888887e-05,"tkwiki","Wikipedia"
"tlwiki",0.544958804769763,0.000504633016002815,0.448853801963647,1.89169269521053e-05,0.000448912288247333,0.00226926916015918,0.000367977527447654,0.00257136525933096,6.31908844951404e-06,"tlwiki","Wikipedia"
"towiki",0.000329706561160567,0.000329706561161458,0.000329706561161257,0.000329706561160567,0.997362347510714,0.000329706561160572,0.000329706561160567,0.000329706561160567,0.000329706561160567,"towiki","Wikipedia"
"tpiwiki",0.997362347510715,0.000329706561160574,0.000329706561160809,0.000329706561160581,0.000329706561160567,0.000329706561160567,0.000329706561160567,0.000329706561160569,0.000329706561160567,"tpiwiki","Wikipedia"
"trwiki",0.326848819105103,0.654488308115426,0.00475870610543609,0.00244572860208767,0.000547738671351046,0.00332129022439711,0.000708412832324714,0.00461548594915661,0.0022655103947171,"trwiki","Wikipedia"
"trwikiquote",0.676156565966782,0.0016937158456774,0.00360690255654381,0.000489397070676196,0.317315723474786,0.000175368886107013,0.000181037512714501,0.000216156448257544,0.000165132238454825,"trwikiquote","Wikiquote"
"ttwiki",0.19423480541922,6.97208666254033e-05,0.252295075273075,1.73244217823625e-06,0.000261307941443013,0.00704616690525677,0.00496747401901638,0.540918409557009,0.00020530757617534,"ttwiki","Wikipedia"
"twwiki",0.99339639995092,0.00115221433222726,0.00256094890025428,0.000116351614029246,0.00267930587088699,2.65447460514202e-05,2.43208477022276e-05,2.4773250667889e-05,1.91404872605934e-05,"twwiki","Wikipedia"
"tyvwiki",0.00262672995107392,0.000267149634953253,9.16694451405436e-05,0.996822861959561,0.000131977611523229,1.5788897660973e-05,2.64994637313277e-06,3.87791294606529e-05,2.39342425347953e-06,"tyvwiki","Wikipedia"
"tywiki",0.000329706561160567,0.000329706561160826,0.000329706561160866,0.000329706561160567,0.997362347510715,0.000329706561160567,0.000329706561160567,0.000329706561160567,0.000329706561160567,"tywiki","Wikipedia"
"udmwiki",0.00118952250585615,0.0681302719029182,0.0010620465434981,0.917820938924235,0.000254321480659836,3.16520109483573e-05,0.0114204984436037,7.06310050787647e-05,2.01171832014448e-05,"udmwiki","Wikipedia"
"ugwiki",0.880999530901879,0.000639402074238887,0.107567953561193,0.000545905771546255,0.00990726245178387,7.71621403790065e-05,0.000129509872234414,0.000100083811085726,3.3189415659486e-05,"ugwiki","Wikipedia"
"ukwiki",0.00059134595590964,9.57790882961322e-06,0.00299986887470196,2.55239685968712e-06,1.68201008267628e-06,0.996350279651519,6.80956091674403e-06,3.22915477166843e-05,5.59209346390483e-06,"ukwiki","Wikipedia"
"ukwikinews",0.997362347510715,0.000329706561160576,0.000329706561160683,0.000329706561160576,0.000329706561160692,0.000329706561160566,0.000329706561160567,0.000329706561160569,0.000329706561160566,"ukwikinews","Wikinews"
"ukwikivoyage",0.979565716926283,0.00117052571661581,0.0163503205837911,0.001539565003885,0.000808314424797242,0.000144838931427063,0.000134230984628548,0.000176352918739693,0.000110134509832356,"ukwikivoyage","Wikivoyage"
"urwiki",0.903192255076731,0.000370102901300641,0.0840985891075472,0.00529586169106613,0.0043738644932229,6.93339259682348e-06,5.71052276986392e-05,1.62103357270695e-05,0.00258907777410968,"urwiki","Wikipedia"
"uzwiki",0.952381812861681,0.000543573212816949,0.0340991405327023,4.45803214889081e-05,0.00029128245776191,9.24474985006501e-06,0.00128091925517308,1.28131550461581e-05,0.0113366334534802,"uzwiki","Wikipedia"
"vecwiki",0.179640410937786,0.806550612388363,0.00163445865802528,6.61971565275813e-05,0.00327682078544378,1.00653271249641e-05,0.00875678487687293,9.73501398880831e-06,5.49148558672351e-05,"vecwiki","Wikipedia"
"vepwiki",0.00207257554464714,2.51554344949085e-05,2.33900125051597e-05,0.994891006132519,4.13394762375657e-05,9.44128876564254e-06,0.00292303569713363,1.35536088862333e-05,5.02804810989194e-07,"vepwiki","Wikipedia"
"viwiki",0.51920881355428,0.472747378850051,0.000355276683094938,0.00201024828218089,0.000245115522295596,0.00146332857384173,0.00111386484945608,0.00135064097222273,0.00150533271257711,"viwiki","Wikipedia"
"viwikivoyage",0.991702439949419,0.00419948206402231,0.00331838363648088,0.000235564202890363,0.000396153276024396,3.70782233089808e-05,4.46955308529127e-05,3.64164036196344e-05,2.97867133814451e-05,"viwikivoyage","Wikivoyage"
"vlswiki",0.436795282602992,0.536045337329763,0.0227391547518542,0.000197919724761426,0.00396457241823711,3.30482244089099e-05,0.000131633476814206,3.73884037318169e-05,5.56630674371687e-05,"vlswiki","Wikipedia"
"vowiki",0.994708679002548,0.000707508942410743,0.00369328192005636,0.000164487646826942,0.000575484088589251,1.38049698670361e-05,5.83157159978905e-05,1.47135904730807e-05,6.37241232306462e-05,"vowiki","Wikipedia"
"warwiki",0.938595369780849,0.000252253476826505,0.00103489073812482,0.0042867812881842,0.00270890997122714,0.00771737958415504,0.0101118093155732,0.0218204435670207,0.0134721622780396,"warwiki","Wikipedia"
"wawiki",0.997362347510715,0.000329706561160674,0.000329706561160605,0.000329706561160567,0.000329706561160656,0.000329706561160567,0.000329706561160567,0.000329706561160568,0.000329706561160567,"wawiki","Wikipedia"
"wikidatawiki",2.11261393066144e-05,7.75844056670772e-06,2.78724659282947e-05,0.000472076359226953,0.978657612525298,0.000501193691593821,0.00747073668128365,0.00791029562967936,0.00493132806711715,"wikidatawiki","Other"
"wuuwiki",0.63051824570459,0.356064314455844,0.00109903957158762,2.36172593818001e-05,0.00389724816337105,0.00395188019943015,9.35962963593969e-06,0.00443042513292735,5.86988323198958e-06,"wuuwiki","Wikipedia"
"xalwiki",0.000329706561160905,0.997362347510715,0.000329706561160924,0.000329706561160567,0.000329706561160567,0.00032970656116057,0.000329706561160568,0.000329706561160567,0.000329706561160567,"xalwiki","Wikipedia"
"xhwiki",0.985564710815983,0.00446969955625711,0.00473302859672946,0.000916246962873826,0.00361187247067145,0.000165210325391574,0.000173953331028354,0.000200157308912598,0.000165120632152589,"xhwiki","Wikipedia"
"xmfwiki",0.552896225074793,0.436895257915988,0.000595775957475069,4.49040654150976e-05,0.00347398725821434,0.00175080013021409,0.00431173012216539,1.23029910484764e-05,1.90164846869939e-05,"xmfwiki","Wikipedia"
"yiwiki",0.976641007356093,0.00204778232660764,0.000948355126305474,0.000102029734618979,0.000511346234133059,0.00784558165373175,0.00303564832169505,0.00884382183425633,2.44274125584312e-05,"yiwiki","Wikipedia"
"yowiki",0.939414956858992,0.00134372026969891,0.00290447308376313,0.000276047922822383,0.00252630300739252,3.45378836921499e-05,0.0533493845773613,3.67083637442448e-05,0.00011386803253332,"yowiki","Wikipedia"
"zawiki",0.00032970656116059,0.000329706561160569,0.000329706561160567,0.000329706561160568,0.000329706561160572,0.000329706561160567,0.997362347510716,0.000329706561160567,0.00032970656116058,"zawiki","Wikipedia"
"zeawiki",0.996161480439582,0.00125645578055021,0.00118136148550509,8.42105653627788e-05,0.000863843502340996,2.52546989059152e-05,2.7999982676364e-05,3.00448251544659e-05,0.000369348719922221,"zeawiki","Wikipedia"
"zh_classicalwiki",0.987165687867264,0.0049130857368221,0.00152768080658215,8.1875652756735e-05,0.00617641290036805,3.32199416233338e-05,3.98691672043976e-05,3.22414331836679e-05,2.99264941959818e-05,"zh_classicalwiki","Wikipedia"
"zh_min_nanwiki",0.950636855483107,0.000901871388314521,0.00383004562800881,3.02366708386245e-05,0.010708459369032,0.00217835116687755,0.0242806199584088,0.00233707202081485,0.00509648831459738,"zh_min_nanwiki","Wikipedia"
"zh_yuewiki",0.98599163569233,0.000839016652465884,0.000717862911534066,1.45711864508554e-05,0.000322434509372097,0.00527504721208577,0.000238155452576185,0.00659669720726831,4.57917591662446e-06,"zh_yuewiki","Wikipedia"
"zhwiki",0.0501807704125454,0.923416761948572,0.0140151084343842,0.00112288122504658,0.00587244895469177,0.00396831300668371,0.000174598276785178,0.00068033190188342,0.000568785839407916,"zhwiki","Wikipedia"
"zhwikinews",0.000329706561160951,0.000329706561160567,0.00032970656116059,0.000329706561160573,0.997362347510715,0.000329706561160567,0.000329706561160567,0.000329706561160567,0.000329706561160567,"zhwikinews","Wikinews"
"zhwikiquote",0.997362347510715,0.000329706561160567,0.000329706561160582,0.000329706561160573,0.00032970656116065,0.000329706561160567,0.000329706561160567,0.000329706561160567,0.000329706561160567,"zhwikiquote","Wikiquote"
"zhwikisource",0.000329706561160567,0.997362347510715,0.000329706561160644,0.000329706561160567,0.000329706561160567,0.000329706561160567,0.000329706561160567,0.000329706561160567,0.000329706561160567,"zhwikisource","Wikisource"
"zhwikivoyage",0.684741286263231,0.305510400348588,0.00616849612145129,0.00018411426420951,0.0030711431764437,9.21970272175431e-05,7.53028471527815e-05,7.22111833928243e-05,8.48487683142062e-05,"zhwikivoyage","Wikivoyage"
"zuwiki",0.964697373424338,0.0277523762451597,0.00228658946958923,0.000725384304617864,0.00381428183531909,0.000170795687387139,0.000174293647347375,0.000213763210664316,0.000165142175577116,"zuwiki","Wikipedia"
