"","topic1","topic2","topic3","topic4","topic5","topic6","project","projecttype"
"aawiki",0.000362318840580309,0.9981884057971,0.000362318840579951,0.000362318840579717,0.000362318840579842,0.00036231884057971,"aawiki","Wikipedia"
"abwiki",0.0006305249111869,0.00122537731610157,0.000162425110743601,0.953289146046188,7.28389454293315e-05,0.0446196876703507,"abwiki","Wikipedia"
"acewiki",0.78556638411878,0.169730503228455,0.0342970260241993,0.000606397267976174,0.00959924170160411,0.000200447658986259,"acewiki","Wikipedia"
"adywiki",0.926045869098331,0.0546543271469138,0.0138674995176685,0.000783386194543063,0.00451958347209028,0.000129334570453514,"adywiki","Wikipedia"
"afwiki",0.986906664876747,0.000568913625847294,0.000630525471888498,3.12749123767153e-05,0.0118590839295956,3.53718354521594e-06,"afwiki","Wikipedia"
"akwiki",0.000362318840580309,0.9981884057971,0.000362318840579951,0.000362318840579717,0.000362318840579842,0.00036231884057971,"akwiki","Wikipedia"
"alswiki",0.992847354809311,0.00262431859938371,0.00390220208011573,9.20457538923726e-05,0.000522252094759861,1.18266625377209e-05,"alswiki","Wikipedia"
"amwiki",0.980405697933557,0.0104486935915613,0.00485501791742461,0.000429216278997991,0.00382328663407716,3.80876443818481e-05,"amwiki","Wikipedia"
"angwiki",0.971910669105398,0.0204796867548929,0.00551760673426136,0.000224631606400325,0.0018363837116843,3.10220873631997e-05,"angwiki","Wikipedia"
"angwikibooks",0.998188405797101,0.00036231884057971,0.00036231884057971,0.00036231884057971,0.00036231884057971,0.00036231884057971,"angwikibooks","Wikibooks"
"angwikiquote",0.9981884057971,0.00036231884058008,0.000362318840580166,0.000362318840579717,0.000362318840579882,0.00036231884057971,"angwikiquote","Wikiquote"
"anwiki",0.960008663073165,0.00571280927840523,0.0023936115645507,0.000367877623226104,0.0315011559735125,1.58824871408807e-05,"anwiki","Wikipedia"
"arcwiki",0.973625012900585,0.0104071143767785,0.0117010047404158,0.000664121931353074,0.00354025944281084,6.24866080569699e-05,"arcwiki","Wikipedia"
"arwiki",9.30524034350436e-06,4.450117413874e-06,3.4335822359383e-05,1.49792943368519e-06,0.99989213642959,5.82744608590833e-05,"arwiki","Wikipedia"
"arwikibooks",0.99280023475928,0.00647292424596893,0.000182212105619062,0.000181403062756472,0.000181857937159612,0.000181367889215444,"arwikibooks","Wikibooks"
"arwikiquote",0.980628174403082,0.000788725511257725,0.0112284175936541,0.000357591247006323,0.00694141957647228,5.56716685275311e-05,"arwikiquote","Wikiquote"
"arwikisource",0.996543563294471,0.000126571221830237,0.00093370191589944,0.000126940007213446,0.00226036954047285,8.85402011339411e-06,"arwikisource","Wikisource"
"arzwiki",0.967005060070625,0.00103167868177509,0.00421065052770528,0.000112967212985818,0.0276276991191573,1.19443877511906e-05,"arzwiki","Wikipedia"
"astwiki",0.61312532635584,0.386185240219692,0.000266388406897177,2.24342394796377e-05,0.000397319722148865,3.29105594205545e-06,"astwiki","Wikipedia"
"aswiki",0.96439296457953,0.000741152484418294,0.00138117344971494,7.99528668392694e-05,0.0333905860076419,1.41706118553497e-05,"aswiki","Wikipedia"
"atjwiki",0.000362318840580309,0.9981884057971,0.000362318840579951,0.000362318840579717,0.000362318840579842,0.00036231884057971,"atjwiki","Wikipedia"
"avwiki",0.409460429042404,0.00587875314879518,0.580954684605592,0.0010877633765434,0.0025900218609178,2.83479657471145e-05,"avwiki","Wikipedia"
"aywiki",0.961360449092778,0.0225970291261436,0.0119859512196593,0.000828922981770654,0.00314947569701122,7.81718826372124e-05,"aywiki","Wikipedia"
"azbwiki",0.996842214560891,0.00153222394541809,0.00099560012783135,7.6513765547558e-05,0.000545678298160897,7.76930215100553e-06,"azbwiki","Wikipedia"
"azwiki",0.108212480004176,1.4719244362943e-05,0.00026082580631945,0.882422176686238,0.000839182300056642,0.00825061595884679,"azwiki","Wikipedia"
"azwikibooks",0.658920231768709,0.297003392286701,0.0333421907073843,0.000636948120578431,0.00988418360851588,0.000213053508111536,"azwikibooks","Wikibooks"
"azwikiquote",0.987888541436754,0.00246531299249224,0.0061180365504357,0.000756333797199519,0.00268303898593365,8.87362371848704e-05,"azwikiquote","Wikiquote"
"azwikisource",0.11670620520042,0.000267766010823026,0.000329853401032198,0.827164607098708,0.000440612096405355,0.055090956192611,"azwikisource","Wikisource"
"barwiki",0.993231130288074,0.00459642502363243,0.00148462337752639,0.000145439365797743,0.000520895528485568,2.14864164836794e-05,"barwiki","Wikipedia"
"bat_smgwiki",0.79605485408534,0.0332465202702905,0.00853460679625166,0.000714910858483627,0.161382796702564,6.63112870706175e-05,"bat_smgwiki","Wikipedia"
"bawiki",0.00580463040069277,0.000176682416646128,0.352817735363554,0.63206653251766,0.00015054860608852,0.00898387069535782,"bawiki","Wikipedia"
"bclwiki",0.984013266524403,0.00750411900901013,0.00657690017259676,0.000306504133920169,0.00154001202136205,5.91981387078535e-05,"bclwiki","Wikipedia"
"be_x_oldwiki",0.000918894667781409,0.000368405476106854,0.994133163983553,4.09056930265956e-06,0.00457464586331332,7.99439942340022e-07,"be_x_oldwiki","Wikipedia"
"bewiki",6.40664350408446e-08,5.51385405204115e-08,0.0412900899452103,0.958422077420518,1.51662179091241e-05,0.000272547211387278,"bewiki","Wikipedia"
"bewikisource",0.998188405797101,0.000362318840579744,0.000362318840579969,0.000362318840579728,0.000362318840579857,0.000362318840579712,"bewikisource","Wikisource"
"bgwiki",0.999230605203363,0.000196742898789731,0.000181107848433373,9.94375990572317e-07,0.000390077052637968,4.72620785208113e-07,"bgwiki","Wikipedia"
"bgwikibooks",0.998188405797101,0.00036231884057971,0.00036231884057971,0.00036231884057971,0.00036231884057971,0.00036231884057971,"bgwikibooks","Wikibooks"
"bgwikiquote",0.992770684048966,0.00359713254453652,0.00268872880002225,0.000171971387699771,0.00075533072147472,1.61524973002472e-05,"bgwikiquote","Wikiquote"
"bhwiki",0.834722468800412,0.0764656979841661,0.0022635928128127,0.0120310782606798,0.00270448797780002,0.0718126741641288,"bhwiki","Wikipedia"
"biwiki",0.897131583013159,0.0784795548834207,0.0180016586224102,0.00143559515976439,0.00482459165958677,0.000127016661658907,"biwiki","Wikipedia"
"bjnwiki",0.950745233066355,0.0380323982970373,0.00754137290526983,0.000752007345777574,0.00275489504722873,0.000174093338331943,"bjnwiki","Wikipedia"
"bmwiki",0.879910202225481,0.0913056734188761,0.0220909115543106,0.00142151065403264,0.00513926191016357,0.000132440237135898,"bmwiki","Wikipedia"
"bnwiki",0.989271568603154,0.000260268956923601,0.0014645919521509,1.28375251024323e-05,0.00898904037909366,1.69258357545892e-06,"bnwiki","Wikipedia"
"bnwikibooks",0.998188405797101,0.00036231884057971,0.00036231884057971,0.00036231884057971,0.00036231884057971,0.00036231884057971,"bnwikibooks","Wikibooks"
"bnwikisource",0.984567798049393,0.00730959779926472,0.00388234225797657,0.000279542458720477,0.00394248326453922,1.82361701061694e-05,"bnwikisource","Wikisource"
"bowiki",0.831983806644805,0.164741513730038,0.00223147548936422,0.000143298245965916,0.000870324595957059,2.95812938699298e-05,"bowiki","Wikipedia"
"bpywiki",0.6889512033132,0.0500529375888576,0.25468531022563,0.00162868920403738,0.00458700040089936,9.48592673755032e-05,"bpywiki","Wikipedia"
"brwiki",0.97863858448677,0.0147374660597062,0.000494110832213877,2.79894293734848e-05,0.00609845317128325,3.39602065345411e-06,"brwiki","Wikipedia"
"brwikisource",0.00162082468841027,0.065817868650592,0.932158097959778,0.000156716998531076,0.000233473946454834,1.30177562335247e-05,"brwikisource","Wikisource"
"bswiki",0.999182116523155,0.000207922787114639,0.000303829955309188,2.70202642605007e-05,0.000277417095308963,1.69337485152491e-06,"bswiki","Wikipedia"
"bswikibooks",0.998188405797101,0.00036231884057971,0.00036231884057971,0.00036231884057971,0.00036231884057971,0.00036231884057971,"bswikibooks","Wikibooks"
"bswikiquote",0.998813111989667,0.000519144219865086,0.000400425392712149,2.81369612248285e-05,0.000235902770857728,3.27866567301673e-06,"bswikiquote","Wikiquote"
"bswikisource",0.577587967167651,0.350014198858997,0.0688945026896194,0.00151431105016227,0.00185706934094892,0.000131950892621189,"bswikisource","Wikisource"
"bugwiki",0.000362318840580309,0.9981884057971,0.000362318840579951,0.000362318840579717,0.000362318840579842,0.00036231884057971,"bugwiki","Wikipedia"
"bxrwiki",0.000294745715463156,0.000103135624608152,0.999395091163001,6.35540441838081e-05,0.000140427671242721,3.04578150128715e-06,"bxrwiki","Wikipedia"
"cawiki",0.994301533958528,0.0040739253216467,0.000591817517428686,0.000454923480365373,0.000457794676828893,0.000120005045201964,"cawiki","Wikipedia"
"cawikibooks",0.941452192993808,0.0473796233616485,0.0070539709187912,0.000288578749790444,0.00370149309963138,0.000124140876330658,"cawikibooks","Wikibooks"
"cawikinews",0.000362318840580309,0.9981884057971,0.000362318840579951,0.000362318840579717,0.000362318840579842,0.00036231884057971,"cawikinews","Wikinews"
"cawikiquote",0.997708060501982,0.00106625678476362,0.00082155019188159,4.47226649731274e-05,0.000353192299794798,6.21755660475216e-06,"cawikiquote","Wikiquote"
"cawikisource",0.861693291571816,0.123646383548812,0.00936688906294245,0.000571061468526923,0.00458992936745634,0.000132444980446589,"cawikisource","Wikisource"
"cbk_zamwiki",0.8423604692931,0.134444753095769,0.0147600811746263,0.000519112729275606,0.00755119383991115,0.000364389867317947,"cbk_zamwiki","Wikipedia"
"cdowiki",0.983946578823193,0.012720705543027,0.00229593350332428,0.000142911869567335,0.000870647611251036,2.32226496367588e-05,"cdowiki","Wikipedia"
"cebwiki",0.406717392493542,0.000107869883419101,0.527482676193651,0.000790352432484716,0.0608053141688275,0.00409639482807521,"cebwiki","Wikipedia"
"cewiki",0.001975364440403,4.82172574026451e-05,0.000783739740279339,0.981951485835992,0.00133683060294504,0.0139043621229781,"cewiki","Wikipedia"
"chowiki",0.998188405797101,0.000362318840579748,0.000362318840580163,0.000362318840579793,0.000362318840580081,0.000362318840579711,"chowiki","Wikipedia"
"chrwiki",0.000362318840580309,0.9981884057971,0.000362318840579951,0.000362318840579717,0.000362318840579842,0.00036231884057971,"chrwiki","Wikipedia"
"chwiki",0.000362318840580309,0.9981884057971,0.000362318840579951,0.000362318840579717,0.000362318840579842,0.00036231884057971,"chwiki","Wikipedia"
"chywiki",0.642221466704654,0.313819420427111,0.0319139920042675,0.00325787910096903,0.00859261887942032,0.00019462288357783,"chywiki","Wikipedia"
"ckbwiki",0.998591866880096,0.000534286618393897,0.000432680764305232,3.74833240475218e-05,0.000398518476305867,5.16393685127485e-06,"ckbwiki","Wikipedia"
"commonswiki",3.96574702137202e-10,4.89025464783278e-10,3.47080361318533e-10,2.32430404849054e-06,4.19611499712117e-10,0.999997674043659,"commonswiki","Commons"
"cowiki",0.958911584369601,0.0207907204494619,0.0157111038581768,0.00073204075103773,0.00377034303344324,8.42075382787872e-05,"cowiki","Wikipedia"
"crhwiki",0.00269240228814502,0.00170980736323048,0.994852732787077,0.000291377782539721,0.000438114248081473,1.55655309266136e-05,"crhwiki","Wikipedia"
"csbwiki",0.772193739870369,0.0304220323551273,0.0104183083368497,0.000958766433517322,0.185925374454094,8.17785500422826e-05,"csbwiki","Wikipedia"
"cswiki",0.999442836139098,4.21493708980067e-05,5.41879552033895e-05,6.52005829795095e-05,2.99925244541962e-05,0.000365633427367205,"cswiki","Wikipedia"
"cswikinews",0.000362318840580309,0.9981884057971,0.000362318840579951,0.000362318840579717,0.000362318840579842,0.00036231884057971,"cswikinews","Wikinews"
"cswikiquote",0.989079752072054,0.000997785357043279,0.0092582704643587,0.000100165059305064,0.000553570122018375,1.04569252202278e-05,"cswikiquote","Wikiquote"
"cswikisource",0.756194559206143,0.0821377317753526,0.160713701443255,0.000192097565993653,0.000748447890475334,1.34621187810988e-05,"cswikisource","Wikisource"
"cuwiki",0.000362318840580309,0.9981884057971,0.000362318840579951,0.000362318840579717,0.000362318840579842,0.00036231884057971,"cuwiki","Wikipedia"
"cvwiki",0.95154595409663,0.00557318993419536,0.00274655766214302,0.000146023860321388,0.0399715666812452,1.67077654655869e-05,"cvwiki","Wikipedia"
"cywiki",0.98310544906341,0.000308037830919598,0.00928301820486718,0.00569222138963683,0.000125111879771028,0.00148616163139532,"cywiki","Wikipedia"
"cywikiquote",0.83759165264224,0.129832492039787,0.0252085827673187,0.00310909050491791,0.00407034919280375,0.000187832852933324,"cywikiquote","Wikiquote"
"cywikisource",0.998188405797101,0.000362318840580112,0.000362318840579964,0.000362318840579769,0.00036231884057974,0.00036231884057971,"cywikisource","Wikisource"
"dawiki",5.07265045229556e-05,2.99977186498425e-05,0.99951180020986,0.000314720851458771,5.13540970018753e-07,9.22411745380485e-05,"dawiki","Wikipedia"
"dawikibooks",0.000362318840580309,0.9981884057971,0.000362318840579951,0.000362318840579717,0.000362318840579842,0.00036231884057971,"dawikibooks","Wikibooks"
"dawikiquote",0.942348924316996,0.0421564132551565,0.0114537766059537,0.000984537862490651,0.00295917570008091,9.71722593226189e-05,"dawikiquote","Wikiquote"
"dawikisource",0.617423899643097,0.330873334326899,0.0484000304368824,0.000942898837936177,0.00225910215010439,0.000100734605080993,"dawikisource","Wikisource"
"dewiki",0.998604053377829,6.36687653921021e-05,0.000222830799954606,4.05810931686189e-05,0.000623192032698771,0.000445673930956879,"dewiki","Wikipedia"
"dewikibooks",0.992949582631097,0.00205491378406766,0.00400187847950771,0.000198732928147682,0.000704159604778465,9.07325724013925e-05,"dewikibooks","Wikibooks"
"dewikinews",0.000362318840580309,0.9981884057971,0.000362318840579951,0.000362318840579717,0.000362318840579842,0.00036231884057971,"dewikinews","Wikinews"
"dewikiquote",0.986145312294972,0.0065442327659595,0.00543042574838638,0.000223873781972815,0.00162759427511611,2.85611335930714e-05,"dewikiquote","Wikiquote"
"dewikisource",0.43237609710468,0.00144301854493813,0.565731367776431,8.64417992701516e-05,0.000355228406033357,7.84636864722951e-06,"dewikisource","Wikisource"
"dewikivoyage",0.998188405797101,0.000362318840579752,0.000362318840580021,0.000362318840579717,0.000362318840579929,0.00036231884057971,"dewikivoyage","Wikivoyage"
"dinwiki",0.905280390284008,0.0243534322194683,0.0547210863350371,0.00252369543620077,0.0129337585516522,0.00018763717363358,"dinwiki","Wikipedia"
"diqwiki",0.993554218713026,0.00321120354950186,0.00195946870554198,0.000183389225161365,0.00107150207158812,2.02177351811574e-05,"diqwiki","Wikipedia"
"dsbwiki",0.957672200795825,0.0246915392243215,0.0134656520633024,0.000822005575972562,0.00326854138438167,8.00609561963907e-05,"dsbwiki","Wikipedia"
"dtywiki",0.642221466704654,0.313819420427111,0.0319139920042675,0.00325787910096903,0.00859261887942032,0.00019462288357783,"dtywiki","Wikipedia"
"dvwiki",0.935814858143348,0.0400571648308248,0.0194766490594646,0.000898970412458197,0.00364857248737494,0.000103785066529165,"dvwiki","Wikipedia"
"dzwiki",0.998188405797101,0.00036231884057971,0.000362318840579905,0.000362318840579728,0.00036231884057971,0.000362318840579712,"dzwiki","Wikipedia"
"eewiki",0.998188405797101,0.000362318840580112,0.000362318840579964,0.000362318840579769,0.00036231884057974,0.00036231884057971,"eewiki","Wikipedia"
"elwiki",0.954813050590147,0.0289622197643393,0.0127051265424055,0.00250316431266408,0.000357815285092565,0.000658623505351604,"elwiki","Wikipedia"
"elwikibooks",0.99280023475928,0.00647292424596893,0.000182212105619062,0.000181403062756472,0.000181857937159612,0.000181367889215444,"elwikibooks","Wikibooks"
"elwikinews",0.000362318840580309,0.9981884057971,0.000362318840579951,0.000362318840579717,0.000362318840579842,0.00036231884057971,"elwikinews","Wikinews"
"elwikiquote",0.969317594405096,0.0170562132831767,0.0110057599716073,0.000413316065718347,0.00215375835863383,5.33579157681983e-05,"elwikiquote","Wikiquote"
"elwikisource",0.997088159957388,0.00175858763641748,0.000789429410856621,4.17259138281372e-05,0.000316002297740062,6.09478376984616e-06,"elwikisource","Wikisource"
"emlwiki",0.465079522948741,0.514471873428721,0.0163939733620343,0.000285278741102594,0.00368351696783851,8.58345515627965e-05,"emlwiki","Wikipedia"
"enwiki",0.980444647114844,0.00107716482854004,0.0168111545601432,0.000371529143588171,0.0009173671183064,0.000378137234578685,"enwiki","Wikipedia"
"enwikibooks",0.991660132073636,0.00385870926171412,0.00313006209703201,0.000130654735225633,0.00118311529608778,3.73265363046793e-05,"enwikibooks","Wikibooks"
"enwikinews",0.0991655967415873,0.288415908732877,0.596888962301623,0.0018725948724001,0.0134676937293594,0.000189243622153679,"enwikinews","Wikinews"
"enwikiquote",0.999993892483625,1.62444209600777e-06,1.36675670623292e-06,9.68976383785767e-07,1.21588636850323e-06,9.31454820179876e-07,"enwikiquote","Wikiquote"
"enwikisource",0.879288181481964,0.10118892680032,0.0192879823676414,1.59385726548937e-05,0.000217833278304726,1.1374991146872e-06,"enwikisource","Wikisource"
"enwikivoyage",0.874067136828418,0.0846109814068491,0.01955747707489,0.00207202171718235,0.0195110220724808,0.000181360900179704,"enwikivoyage","Wikivoyage"
"eowiki",0.993876485445644,0.00118510287088448,0.000575334578670106,0.00290966521676304,0.000660000180085211,0.000793411707952851,"eowiki","Wikipedia"
"eowikinews",0.000362318840580309,0.9981884057971,0.000362318840579951,0.000362318840579717,0.000362318840579842,0.00036231884057971,"eowikinews","Wikinews"
"eowikiquote",0.974517097959986,0.0105582218791775,0.0123851167248874,0.000674464879280279,0.00181484106751114,5.02574891573284e-05,"eowikiquote","Wikiquote"
"eowikisource",0.985331796687147,0.00820802719907165,0.00427909136202995,0.000428101801560943,0.00170927435103632,4.37085991545148e-05,"eowikisource","Wikisource"
"eswiki",0.999411401740649,9.13126713099119e-05,3.53547000053493e-05,0.000203217783981002,0.000184006246607927,7.47068574469418e-05,"eswiki","Wikipedia"
"eswikibooks",0.986030718626662,0.00503547843741321,0.00628749109822084,0.000228522677104134,0.00232705760466855,9.07315559317554e-05,"eswikibooks","Wikibooks"
"eswikinews",0.000362318840580309,0.9981884057971,0.000362318840579951,0.000362318840579717,0.000362318840579842,0.00036231884057971,"eswikinews","Wikinews"
"eswikiquote",0.999341583898018,0.000302652438233806,0.000197058943302889,1.68977854913602e-05,0.000139550832068489,2.2561028858751e-06,"eswikiquote","Wikiquote"
"eswikisource",0.99704351747244,0.00217132832862946,0.00048175660899517,3.23057238983456e-05,0.000267044496116818,4.04736991972783e-06,"eswikisource","Wikisource"
"etwiki",0.988875929877754,0.00095055571333137,0.0051860154298705,1.28673128982155e-06,0.00498530315534019,9.09092414382352e-07,"etwiki","Wikipedia"
"etwikiquote",0.994363399208698,0.00238596306626306,0.00211786072433629,0.000118107841169504,0.000998334268601516,1.63348909321403e-05,"etwikiquote","Wikiquote"
"etwikisource",0.970047930112806,0.0254623109426367,0.00243430127462637,0.000277831811786653,0.00174132168641942,3.63041717246032e-05,"etwikisource","Wikisource"
"euwiki",0.999304613293049,4.23302982716797e-05,3.21338424072395e-05,8.28715436219603e-05,5.53197656926555e-05,0.000482731256957134,"euwiki","Wikipedia"
"euwikiquote",0.940096167916916,0.0371044390626404,0.0192616150497755,0.000910594369586579,0.00253188079133506,9.53028097461809e-05,"euwikiquote","Wikiquote"
"extwiki",0.979876218712654,0.0103195193761748,0.00722148214798836,0.000426025349860554,0.00210013925606432,5.66151572581738e-05,"extwiki","Wikipedia"
"fawiki",0.996884114695047,9.08922864779386e-05,8.70525110457086e-05,0.00114332562478753,0.00147389832647144,0.000320716556170259,"fawiki","Wikipedia"
"fawikiquote",0.984401379968453,0.0148485839128907,0.000483947973137111,3.42933137867992e-05,0.000226832416929546,4.96241480264335e-06,"fawikiquote","Wikiquote"
"fawikisource",0.980669668011628,0.00108266756398599,0.0151884792298824,0.000333563582659978,0.00266097411890974,6.46474929336514e-05,"fawikisource","Wikisource"
"ffwiki",0.78556638411878,0.169730503228455,0.0342970260241993,0.000606397267976174,0.00959924170160411,0.000200447658986259,"ffwiki","Wikipedia"
"fiu_vrowiki",0.939461360014235,0.0482015543602535,0.00934588629233783,0.000478212790154365,0.00244745927039932,6.55272726202525e-05,"fiu_vrowiki","Wikipedia"
"fiwiki",0.998834198080475,7.68453077663355e-05,6.84478016273158e-05,2.75752809921424e-07,0.00101997099529848,2.62062023206127e-07,"fiwiki","Wikipedia"
"fiwikibooks",0.996587173862789,0.00292807427721724,0.000121527808677066,0.000120980327445952,0.000121287660719394,0.000120956063151355,"fiwikibooks","Wikibooks"
"fiwikiquote",0.988570575939433,0.00443227295333155,0.0056126238424747,0.000250385255934831,0.0011088022883827,2.53397204432934e-05,"fiwikiquote","Wikiquote"
"fiwikisource",0.987083030061152,0.00203081177819851,0.0066347562896952,0.00032562715531031,0.0038785822107491,4.71925048946688e-05,"fiwikisource","Wikisource"
"fjwiki",0.959173740791006,0.00897695234938134,0.0204295402604613,0.00273614891194741,0.00855235193207983,0.000131265755124123,"fjwiki","Wikipedia"
"fowiki",0.98294569979876,0.00914752497640581,0.00621630765392883,0.000192079153552018,0.00147072420263036,2.76642147231308e-05,"fowiki","Wikipedia"
"frpwiki",0.95917708874698,0.0266937728892977,0.00992054380851092,0.000300345394604023,0.00381273447087664,9.55146897301528e-05,"frpwiki","Wikipedia"
"frrwiki",0.241879023475474,0.681171970070246,0.0725797133646075,0.00112480260397221,0.0031640067708577,8.04837148425717e-05,"frrwiki","Wikipedia"
"frwiki",0.984576153601649,0.00986219949860947,0.00495847654643831,2.41828562079884e-05,0.000336472516992201,0.000242514980103032,"frwiki","Wikipedia"
"frwikibooks",0.982232155578071,0.0112289748905654,0.00440642934928459,0.000214922645363623,0.0018457293575473,7.17881791678993e-05,"frwikibooks","Wikibooks"
"frwikinews",0.000362318840580309,0.9981884057971,0.000362318840579951,0.000362318840579717,0.000362318840579842,0.00036231884057971,"frwikinews","Wikinews"
"frwikiquote",0.998703903129935,0.000470059143897576,0.00058674547450593,4.47792520332023e-05,0.000190030380554939,4.48261907364539e-06,"frwikiquote","Wikiquote"
"frwikisource",2.03324617642589e-08,0.999999513637905,4.24285632678911e-07,1.39785085316143e-08,1.45548117439735e-08,1.32106806823274e-08,"frwikisource","Wikisource"
"furwiki",0.943964688175893,0.0301171889835332,0.0182334005407939,0.00123350434434852,0.00637346202905954,7.77559263717826e-05,"furwiki","Wikipedia"
"fywiki",0.971062077544011,0.00101709016661163,0.0276937208355635,3.56270872738064e-05,0.000187712090147872,3.77227639266092e-06,"fywiki","Wikipedia"
"gagwiki",0.000362318840580309,0.9981884057971,0.000362318840579951,0.000362318840579717,0.000362318840579842,0.00036231884057971,"gagwiki","Wikipedia"
"ganwiki",0.991251534475153,0.0027760521394326,0.00261289321674669,0.000311829048857273,0.00301940890959748,2.82822102125562e-05,"ganwiki","Wikipedia"
"gawiki",0.99825159231153,0.000566825563945864,0.00090408367151862,3.79395695612297e-05,0.000235514335652706,4.04454779180029e-06,"gawiki","Wikipedia"
"gdwiki",0.998610553058558,0.000387174040997319,0.000454119017748313,3.10047197217271e-05,0.000511538317794469,5.61084518040414e-06,"gdwiki","Wikipedia"
"glkwiki",0.895123986576549,0.0494142437506536,0.0430110677812266,0.00150965928140625,0.0107868892790228,0.000154153331141896,"glkwiki","Wikipedia"
"glwiki",0.987678839952193,0.000650137669328083,0.000263481897407186,0.00366653847294503,0.00667997385207146,0.00106102815605492,"glwiki","Wikipedia"
"glwikiquote",0.806314000424771,0.175316006085399,0.0129871210595657,0.0011239554536279,0.00415882032715298,0.000100096649483376,"glwikiquote","Wikiquote"
"glwikisource",0.899061456779489,0.08311545977874,0.0103914789638569,0.000517242077403581,0.0067934114445798,0.000120950955930342,"glwikisource","Wikisource"
"gnwiki",0.968843878754071,0.0237204167493096,0.00515247074200373,0.000306978519240398,0.00192653650138137,4.97187339936785e-05,"gnwiki","Wikipedia"
"gomwiki",0.977897214606337,0.010094638835238,0.00796307550526569,0.000641025901163269,0.00334377177098815,6.02733810081296e-05,"gomwiki","Wikipedia"
"gotwiki",0.948689074031056,0.0265533690656187,0.0190849299476798,0.000488483482876201,0.00508600887684711,9.81345959219378e-05,"gotwiki","Wikipedia"
"guwiki",0.996470728352847,0.00161693998803907,0.00124310336609139,0.000111820400727147,0.000540436501415209,1.69713908799036e-05,"guwiki","Wikipedia"
"guwikisource",0.996015563234396,0.000121148566772477,0.000121489425426816,0.00100992627582578,0.0026109167944737,0.000120955703105201,"guwikisource","Wikisource"
"gvwiki",0.979011816457515,0.0117235360663265,0.00476098584396023,0.000622378603030445,0.00381661564803652,6.46673811309888e-05,"gvwiki","Wikipedia"
"hakwiki",0.992398542361978,0.00467315052779263,0.00196612176690784,0.000237330131745174,0.000691219049680812,3.36361618959259e-05,"hakwiki","Wikipedia"
"hawiki",0.642221466704654,0.313819420427111,0.0319139920042675,0.00325787910096903,0.00859261887942032,0.00019462288357783,"hawiki","Wikipedia"
"hawwiki",0.897131583013159,0.0784795548834207,0.0180016586224102,0.00143559515976439,0.00482459165958677,0.000127016661658907,"hawwiki","Wikipedia"
"hewiki",0.999126665741393,3.52899048930731e-05,6.02290621929968e-05,2.62847350225671e-07,0.000777345306714382,2.07137456058923e-07,"hewiki","Wikipedia"
"hewikiquote",0.997892866015662,0.000856315018439137,0.000859683502533461,3.34056741271451e-05,0.000352817205997601,4.91258324031256e-06,"hewikiquote","Wikiquote"
"hewikisource",0.996339233038899,0.000894559677185046,0.00192720907092154,0.000165627610182355,0.000655548682836761,1.78219199754781e-05,"hewikisource","Wikisource"
"hifwiki",0.954022453070962,0.00720483486264292,0.000183316553148165,0.000404754326570887,0.0380032672322536,0.000181373954422442,"hifwiki","Wikipedia"
"hiwiki",0.984000792814563,0.00566705378139457,0.000411735094581936,0.000921449945089628,0.00343127533248167,0.00556769303188893,"hiwiki","Wikipedia"
"hiwikibooks",0.842579917227109,0.134405075972533,0.0147578896825437,0.000519071752830486,0.00755026761085484,0.000187777754128715,"hiwikibooks","Wikibooks"
"hiwikiquote",0.831419351495279,0.136121345639456,0.0148412797329359,0.00196772207401428,0.0154624923548662,0.00018780870344817,"hiwikiquote","Wikiquote"
"howiki",0.998188405797101,0.000362318840580112,0.000362318840579964,0.000362318840579769,0.00036231884057974,0.00036231884057971,"howiki","Wikipedia"
"hrwiki",0.998816580191898,0.000592129004458155,0.000191477623557871,1.21999946195757e-05,0.000386738691224064,8.74494242466304e-07,"hrwiki","Wikipedia"
"hrwikiquote",0.972863009868657,0.0145362466243164,0.00936804542935427,0.000353516710087988,0.00283793214092242,4.12492266621243e-05,"hrwikiquote","Wikiquote"
"hrwikisource",0.917398229394684,0.0706317581351238,0.00733800476210644,0.000710097678456568,0.00384629747872106,7.56125509081494e-05,"hrwikisource","Wikisource"
"hsbwiki",0.872789230063998,0.0110580245176304,0.112802183529336,0.00108510148372586,0.00222860617602178,3.6854229288078e-05,"hsbwiki","Wikipedia"
"htwiki",0.810821148760247,0.174730948860397,0.0105930760419777,0.000723594103408782,0.00304308807760957,8.81441563600119e-05,"htwiki","Wikipedia"
"huwiki",0.129182854663072,0.739075662199075,0.131352734701275,1.37629509737009e-05,9.3310736554339e-08,0.000374892174868828,"huwiki","Wikipedia"
"huwikiquote",0.996708930759673,0.00176294464507075,0.00103275323655765,8.27037622780803e-05,0.000403994286132722,8.673310287937e-06,"huwikiquote","Wikiquote"
"huwikisource",0.982314006873299,0.0079360001219164,0.00617215037946069,0.000570641448461778,0.00295094006950606,5.62611073557139e-05,"huwikisource","Wikisource"
"hywiki",0.00863567411017691,3.05432699934371e-05,0.0571328487298224,0.934132524188148,1.47312782251529e-05,5.36784236342629e-05,"hywiki","Wikipedia"
"hywikiquote",0.997745091060804,0.00123380259270812,0.000673758146554886,5.26639841497325e-05,0.000289920430002876,4.76378578060357e-06,"hywikiquote","Wikiquote"
"hywikisource",0.340987895195113,0.563231949247137,0.00317386205284548,0.0891952442504514,0.00331700923791131,9.40400165421758e-05,"hywikisource","Wikisource"
"iawiki",0.999542074871465,0.000145715089267218,0.000147328839909838,9.68061824332601e-06,0.000154372522814782,8.28058300437462e-07,"iawiki","Wikipedia"
"idwiki",0.996361521395535,0.000912959888613854,0.00254554124372041,6.45848875151275e-07,0.000178848903152637,4.82720103475299e-07,"idwiki","Wikipedia"
"idwikibooks",0.998188405797101,0.000362318840580112,0.000362318840579964,0.000362318840579769,0.00036231884057974,0.00036231884057971,"idwikibooks","Wikibooks"
"idwikiquote",0.927701458377396,0.02361579057108,0.0405783901476578,0.00271551233200749,0.00520131905312688,0.000187529518731921,"idwikiquote","Wikiquote"
"idwikisource",0.980479939391184,0.00810801585446808,0.00802703178697479,0.000452227130965828,0.00286967256223031,6.31132741766472e-05,"idwikisource","Wikisource"
"iewiki",0.943438699885671,0.0373563983294472,0.0148786452471488,0.000894281094326966,0.00333773321284933,9.42422305571186e-05,"iewiki","Wikipedia"
"igwiki",0.930705368960076,0.0507996442010542,0.0141292511878895,0.000864634493089731,0.00340107498895269,0.000100026168937715,"igwiki","Wikipedia"
"ikwiki",0.000362318840580309,0.9981884057971,0.000362318840579951,0.000362318840579717,0.000362318840579842,0.00036231884057971,"ikwiki","Wikipedia"
"ilowiki",0.815758836091168,0.00250936931010829,0.0773525865218676,0.00735419276900248,0.0539922210078556,0.0430327942999985,"ilowiki","Wikipedia"
"iowiki",0.996865221818659,0.0015453420431457,0.00102673034115822,6.7340816160567e-05,0.000485671503251929,9.69347762500972e-06,"iowiki","Wikipedia"
"iswiki",0.998435547013663,0.000196613577843279,0.00126155116946359,1.249460628229e-05,9.19789699952827e-05,1.81466275235718e-06,"iswiki","Wikipedia"
"iswikibooks",0.998188405797101,0.000362318840579738,0.000362318840580053,0.00036231884057972,0.000362318840579761,0.00036231884057971,"iswikibooks","Wikibooks"
"iswikiquote",0.998188405797101,0.000362318840579754,0.00036231884057971,0.000362318840579718,0.000362318840579784,0.00036231884057971,"iswikiquote","Wikiquote"
"iswikisource",0.938534488830154,0.0481345294195615,0.0111673381890811,0.000449591657009141,0.00159309771838798,0.000120954185806883,"iswikisource","Wikisource"
"itwiki",0.998938744700398,0.000122821440332528,0.000123806938159368,4.92705324669899e-05,0.000493405896971171,0.000271950491672348,"itwiki","Wikipedia"
"itwikibooks",0.99005533437292,0.00156468941232514,0.00596676502967129,0.000216262379539589,0.00210910014793102,8.78486576131284e-05,"itwikibooks","Wikibooks"
"itwikiquote",0.991847810438173,0.00732417246831108,0.000598410914707919,2.99524415491904e-05,0.00019622115391178,3.43258334705465e-06,"itwikiquote","Wikiquote"
"itwikisource",2.20103635039917e-05,5.1500975997012e-05,0.998484808911109,0.00111246719493043,4.20911286003192e-06,0.000325003441599917,"itwikisource","Wikisource"
"iuwiki",0.000362318840580309,0.9981884057971,0.000362318840579951,0.000362318840579717,0.000362318840579842,0.00036231884057971,"iuwiki","Wikipedia"
"jamwiki",0.977028383142662,0.0135105440324692,0.00704500106288806,0.000390267056431494,0.00197180125293624,5.40034526129846e-05,"jamwiki","Wikipedia"
"jawiki",0.998776334353966,5.65792784595322e-05,8.23720283968565e-05,2.89395821302885e-07,0.00108420198194339,2.22961412531337e-07,"jawiki","Wikipedia"
"jawikibooks",0.989037266954484,0.00591144665172572,0.00279608340881542,0.000276108998050303,0.0019332098715767,4.58841153479897e-05,"jawikibooks","Wikibooks"
"jawikiquote",0.994282717660166,0.00220361399546259,0.0021670907534884,0.000303459162974396,0.00101154536835284,3.15730595561318e-05,"jawikiquote","Wikiquote"
"jawikisource",0.997818348439161,0.000852847735205951,0.000663207879805016,9.15730390118654e-05,0.000561636954755078,1.23859520606405e-05,"jawikisource","Wikisource"
"jbowiki",0.894159954527798,0.0610694910893303,0.0342078801568001,0.000885897600215264,0.00952417164771948,0.000152604978136741,"jbowiki","Wikipedia"
"jvwiki",0.994092041790937,0.00435605818693875,0.0010523568229946,5.88876882111013e-05,0.000434783302514842,5.87220840366861e-06,"jvwiki","Wikipedia"
"kaawiki",0.941943149014825,0.0271043924440982,0.0240884605228814,0.000459484812165212,0.00627093138899255,0.000133581817037716,"kaawiki","Wikipedia"
"kabwiki",0.970173510649766,0.0158199600770248,0.00932941463148937,0.000633563246958969,0.00398014321164189,6.34081831187941e-05,"kabwiki","Wikipedia"
"kawiki",0.509765117839387,2.49540151808301e-05,0.45391430601316,0.0351457241042681,4.82866608463509e-05,0.00110161136715777,"kawiki","Wikipedia"
"kawikiquote",0.982848031207535,0.00692046592612144,0.00838461995027848,0.000623438979377066,0.00116037563177049,6.30683049173626e-05,"kawikiquote","Wikiquote"
"kbdwiki",4.59656489873989e-05,0.0123099173018538,0.987337729983067,0.000145593344045954,0.000154069719135826,6.72400290967681e-06,"kbdwiki","Wikipedia"
"kbpwiki",0.000362318840580309,0.9981884057971,0.000362318840579951,0.000362318840579717,0.000362318840579842,0.00036231884057971,"kbpwiki","Wikipedia"
"kgwiki",0.998188405797101,0.000362318840580112,0.000362318840579964,0.000362318840579769,0.00036231884057974,0.00036231884057971,"kgwiki","Wikipedia"
"kiwiki",0.916044728053915,0.053667640345531,0.0204380050275888,0.00173829028545521,0.00800670596236399,0.00010463032514565,"kiwiki","Wikipedia"
"kjwiki",0.998188405797101,0.000362318840580112,0.000362318840579964,0.000362318840579769,0.00036231884057974,0.00036231884057971,"kjwiki","Wikipedia"
"kkwiki",0.982981050808844,0.000277683169039831,0.00967396845757798,0.000100165192725385,0.00696298898267107,4.14338914165924e-06,"kkwiki","Wikipedia"
"klwiki",0.642221466704654,0.313819420427111,0.0319139920042675,0.00325787910096903,0.00859261887942032,0.00019462288357783,"klwiki","Wikipedia"
"kmwiki",0.865103207278962,0.125497964233402,0.00594851947813791,0.00058877776442757,0.00280315077672743,5.83804683438907e-05,"kmwiki","Wikipedia"
"knwiki",0.99546405714209,0.00195309158657587,0.00197679783432968,6.75243523120347e-05,0.000530478157653993,8.05092703834244e-06,"knwiki","Wikipedia"
"koiwiki",0.642221466704654,0.313819420427111,0.0319139920042675,0.00325787910096903,0.00859261887942032,0.00019462288357783,"koiwiki","Wikipedia"
"kowiki",0.998098055315632,9.71012559508398e-05,3.8985171153452e-05,4.82767558335899e-07,0.00176504878351484,3.26706190452638e-07,"kowiki","Wikipedia"
"kowikibooks",0.998188405797101,0.000362318840580164,0.000362318840579852,0.000362318840579719,0.000362318840579786,0.00036231884057971,"kowikibooks","Wikibooks"
"kowikiquote",0.989011768944896,0.00337454896187383,0.00515858165263735,0.000395821354792448,0.00201349104342423,4.57880423756208e-05,"kowikiquote","Wikiquote"
"kowikisource",0.984171498425189,0.00212353359044116,0.0130210141645356,0.000141795939221135,0.000527607828608605,1.45500520042955e-05,"kowikisource","Wikisource"
"krcwiki",0.907482194317948,0.0613744057285997,0.0225442593443824,0.000992035721984652,0.00746842158321293,0.000138683303872439,"krcwiki","Wikipedia"
"kshwiki",0.82408510275557,0.151382753319198,0.0223995013425735,0.000531045474107615,0.00152480218360283,7.67949249481305e-05,"kshwiki","Wikipedia"
"kswiki",0.78556638411878,0.169730503228455,0.0342970260241993,0.000606397267976174,0.00959924170160411,0.000200447658986259,"kswiki","Wikipedia"
"kuwiki",0.997362711024881,0.000977357234236876,0.000880163708987828,5.44980372423826e-05,0.000716414338275042,8.85565637685725e-06,"kuwiki","Wikipedia"
"kuwikiquote",0.942588537069677,0.0253885532442068,0.0263636885080856,0.00253972972179155,0.00292096003466026,0.000198531421579147,"kuwikiquote","Wikiquote"
"kvwiki",0.998188405797101,0.000362318840580112,0.000362318840579964,0.000362318840579769,0.00036231884057974,0.00036231884057971,"kvwiki","Wikipedia"
"kwwiki",0.844025143111379,0.152832873872327,0.00159424375213943,0.000150663231495598,0.00138223464758614,1.48413850728527e-05,"kwwiki","Wikipedia"
"kywiki",0.988959638926976,0.00907279010953159,0.00109814245124055,0.000177751714395029,0.000678478238057726,1.31985597990292e-05,"kywiki","Wikipedia"
"ladwiki",0.990190765918716,0.00460254023760912,0.00396730354464641,0.000208753980981357,0.00100174638324994,2.88899347977278e-05,"ladwiki","Wikipedia"
"lawiki",0.997452710824895,0.000506015688247295,0.00191636370636928,1.02700326679705e-05,0.000113651190362423,9.88557458238834e-07,"lawiki","Wikipedia"
"lawikiquote",0.972342546114854,0.0105930910725798,0.0109152492842569,0.00160123492756237,0.00441914770082401,0.00012873089992234,"lawikiquote","Wikiquote"
"lawikisource",0.994540171650613,0.00410003644485075,0.00099762576230411,7.78984619947887e-05,0.00027536725438287,8.90042585406956e-06,"lawikisource","Wikisource"
"lbewiki",0.919018765532571,0.0550054682089472,0.020630120366554,0.000641707513552376,0.00453585281669141,0.000168085561684303,"lbewiki","Wikipedia"
"lbwiki",0.995822207238034,0.000870922961755202,0.00269367358066321,7.70920027649162e-05,0.000528266419341953,7.83779744073857e-06,"lbwiki","Wikipedia"
"lezwiki",0.396093632590088,0.0326247654599057,0.564848267415017,0.00128376411436092,0.00506645462669231,8.31157939356475e-05,"lezwiki","Wikipedia"
"lgwiki",0.642221466704654,0.313819420427111,0.0319139920042675,0.00325787910096903,0.00859261887942032,0.00019462288357783,"lgwiki","Wikipedia"
"lijwiki",0.642221466704654,0.313819420427111,0.0319139920042675,0.00325787910096903,0.00859261887942032,0.00019462288357783,"lijwiki","Wikipedia"
"liwiki",0.986130117970057,0.00405934853819946,0.00787397029323204,0.000247517989806627,0.00165234050478098,3.67047039235544e-05,"liwiki","Wikipedia"
"liwikiquote",0.925658546360854,0.0494627332652581,0.0194390644902917,0.00102912486667951,0.00431815271302542,9.2378303891034e-05,"liwikiquote","Wikiquote"
"lmowiki",0.987999262732792,0.00607941873340145,0.00458135184913775,0.000193049072966769,0.00111907416204153,2.78434496602124e-05,"lmowiki","Wikipedia"
"lnwiki",0.897131583013159,0.0784795548834207,0.0180016586224102,0.00143559515976439,0.00482459165958677,0.000127016661658907,"lnwiki","Wikipedia"
"lowiki",0.96077231038251,0.0257871623457194,0.0108140903145407,0.000482447881445063,0.00206332126745049,8.06678083340416e-05,"lowiki","Wikipedia"
"lrcwiki",0.568271038877138,0.0193892510437104,0.0178675369559532,0.000659061390863729,0.393691910716505,0.000121201015830068,"lrcwiki","Wikipedia"
"ltgwiki",0.000362318840580309,0.9981884057971,0.000362318840579951,0.000362318840579717,0.000362318840579842,0.00036231884057971,"ltgwiki","Wikipedia"
"ltwiki",0.95747762095027,0.00191951194663446,0.0394706396878875,1.96823375293074e-06,0.00112882869490026,1.43048655429042e-06,"ltwiki","Wikipedia"
"ltwikibooks",0.998188405797101,0.00036231884057971,0.00036231884057971,0.00036231884057971,0.00036231884057971,0.00036231884057971,"ltwikibooks","Wikibooks"
"ltwikiquote",0.94110608549267,0.0408773682571627,0.0133010138654938,0.000876232997161893,0.00374211932249456,9.71800650167819e-05,"ltwikiquote","Wikiquote"
"lvwiki",0.989128117421787,0.00752592731132635,0.00050468610881578,2.21641128563389e-05,0.0028166162931684,2.48875204641e-06,"lvwiki","Wikipedia"
"maiwiki",0.976065812907105,0.0141274362046328,0.00779390681581802,0.000590599065024911,0.00135884798916433,6.33970182550945e-05,"maiwiki","Wikipedia"
"map_bmswiki",0.502418787044877,0.101404416812892,0.0235738026851978,0.000395846834557221,0.372073264626112,0.000133881996364502,"map_bmswiki","Wikipedia"
"mdfwiki",0.007691784451391,0.002640612884518,0.987682324342585,0.000486518443411705,0.00147016021565186,2.85996624419191e-05,"mdfwiki","Wikipedia"
"mediawikiwiki",0.0164921757939966,0.0227150913963195,0.958110740354688,0.000588570506576743,0.00204399297921666,4.94289692026462e-05,"mediawikiwiki","Other"
"metawiki",0.989674981955053,0.000597124993376841,0.000892580405014327,0.00015010057667984,0.00867888681375922,6.32525611650909e-06,"metawiki","Other"
"mgwiki",0.856497257222727,0.0090573863336761,0.130316832881441,0.000491128923025956,0.00360462135458983,3.27732845409347e-05,"mgwiki","Wikipedia"
"mhrwiki",0.000769949368553991,0.000525896257203701,0.859437941069185,0.119694250359306,0.000215892645135206,0.019356070300616,"mhrwiki","Wikipedia"
"mhwiki",0.998188405797101,0.00036231884057971,0.000362318840579859,0.000362318840579713,0.000362318840579734,0.00036231884057971,"mhwiki","Wikipedia"
"minwiki",0.947963173834702,0.0365029629834144,0.00792135489712636,0.000508093282148254,0.00703960294681996,6.48120557892905e-05,"minwiki","Wikipedia"
"miwiki",0.000362318840580309,0.9981884057971,0.000362318840579951,0.000362318840579717,0.000362318840579842,0.00036231884057971,"miwiki","Wikipedia"
"mkwiki",0.992782815157184,0.000387349038232283,0.000682426667978867,1.26899522497339e-05,0.00613329189724274,1.42728711266007e-06,"mkwiki","Wikipedia"
"mlwiki",0.989290279797744,0.00023196899688036,0.00900114749825512,3.22584526810948e-05,0.00144305192696753,1.29332747157529e-06,"mlwiki","Wikipedia"
"mlwikiquote",0.940866405065689,0.0208153416938215,0.0286280985783998,0.00314207699690832,0.00636059835583287,0.000187479309348638,"mlwikiquote","Wikiquote"
"mlwikisource",0.892183748182529,0.0917247674120608,0.0122830784366271,0.000761892253223763,0.00294520054092154,0.000101313174637345,"mlwikisource","Wikisource"
"mnwiki",0.948613794307198,0.00532120107033677,0.00155341997214688,0.0339111619621479,0.000469088645399595,0.0101313340427707,"mnwiki","Wikipedia"
"mowiki",0.000362318840580309,0.9981884057971,0.000362318840579951,0.000362318840579717,0.000362318840579842,0.00036231884057971,"mowiki","Wikipedia"
"mrjwiki",0.96978833805075,0.0225168594713259,0.00611325279302868,0.000211576130973265,0.00133559283392035,3.43807200016533e-05,"mrjwiki","Wikipedia"
"mrwiki",0.996584558198369,0.0016647804972517,0.00139631352814787,5.18196433369994e-05,0.0002957784486285,6.74968426597853e-06,"mrwiki","Wikipedia"
"mrwikisource",0.998188405797101,0.000362318840580112,0.000362318840579964,0.000362318840579769,0.00036231884057974,0.00036231884057971,"mrwikisource","Wikisource"
"mswiki",0.992903978506186,0.000250610380281541,0.00044927267782491,1.58661953553243e-05,0.00637834637828989,1.92586206209453e-06,"mswiki","Wikipedia"
"mtwiki",0.981618301057768,0.00952848776947398,0.00675506791501021,0.000250610537570486,0.00180310206331337,4.44306568641765e-05,"mtwiki","Wikipedia"
"mwlwiki",0.9842211948257,0.0115623358327926,0.00320440900526265,0.000190725727139757,0.00079147993526994,2.98546738349861e-05,"mwlwiki","Wikipedia"
"myvwiki",0.0476592240228427,0.0286942763135293,0.919105672517656,0.00127147826040474,0.00320162491159637,6.77239739714534e-05,"myvwiki","Wikipedia"
"mywiki",0.994680033668665,0.00292535450493507,0.00155376002478084,0.000101358744960526,0.000722477822719805,1.70152339390727e-05,"mywiki","Wikipedia"
"mznwiki",0.987711495861293,0.00487171488721248,0.00550231143892594,0.000240193739708039,0.00164625758650306,2.80264863577244e-05,"mznwiki","Wikipedia"
"nahwiki",0.97524071208153,0.0188049233563134,0.0040250550789301,0.000181697462351622,0.00171863890462661,2.89731162482059e-05,"nahwiki","Wikipedia"
"napwiki",0.77713817126476,0.211971865313218,0.00769723352744624,0.000627453461533454,0.00250901778253703,5.62586505044834e-05,"napwiki","Wikipedia"
"nawiki",0.915493431360904,0.0485191564964569,0.024483037364001,0.00188343841661452,0.00951681566075908,0.000104120701264867,"nawiki","Wikipedia"
"nds_nlwiki",0.975560897165225,0.0179105002662982,0.00446608313319025,0.000318504517433285,0.00170045962156665,4.35552962868122e-05,"nds_nlwiki","Wikipedia"
"ndswiki",0.916399698521809,0.0807461804568548,0.00208250046069018,0.000183424348383815,0.000569785781013441,1.84104312492176e-05,"ndswiki","Wikipedia"
"newiki",0.999427370916434,4.28585952214528e-05,0.000198080220710595,3.37967109664233e-05,0.000295897058479244,1.99649818813707e-06,"newiki","Wikipedia"
"newwiki",0.98732946035998,0.00689985261380869,0.00434759609992335,0.0002078956475453,0.00118261915399911,3.25761247432368e-05,"newwiki","Wikipedia"
"ngwiki",0.868589157345413,0.0851650202789406,0.029542854251113,0.00304808040305963,0.013519662401382,0.000135225320092224,"ngwiki","Wikipedia"
"nlwiki",0.99804743637039,5.98828820333564e-05,0.000105649256480669,0.000626188562170094,0.001145823904724,1.501902420181e-05,"nlwiki","Wikipedia"
"nlwikibooks",0.996830866024752,0.000322419216652799,0.00153821967254159,0.000178672884177752,0.0011102330518168,1.95891500591702e-05,"nlwikibooks","Wikibooks"
"nlwikiquote",0.938423269637108,0.0409965397621324,0.0162874193820447,0.000448447410811791,0.00378295579631943,6.13680115833855e-05,"nlwikiquote","Wikiquote"
"nlwikisource",0.762245087243245,0.123710039516049,0.112315958989119,0.000149310391505475,0.00154170806064676,3.7895799434157e-05,"nlwikisource","Wikisource"
"nnwiki",0.951736608480888,0.0104561392247239,0.035327256965196,2.80526126078007e-06,0.00247464097207433,2.54909585701394e-06,"nnwiki","Wikipedia"
"nnwikiquote",0.96479675798979,0.01983908667282,0.0117560229445006,0.000965414227233476,0.00254396312190455,9.87550437509553e-05,"nnwikiquote","Wikiquote"
"novwiki",0.795690664465951,0.16337840042042,0.033034851723183,0.00155569255991746,0.00621329864726016,0.000127092183268315,"novwiki","Wikipedia"
"nowiki",0.991016138890469,0.000123257852012836,0.00743859333616803,4.69799999728062e-07,0.0014211519146411,3.88206709691762e-07,"nowiki","Wikipedia"
"nowikibooks",0.998188405797101,0.000362318840580112,0.000362318840579964,0.000362318840579769,0.00036231884057974,0.00036231884057971,"nowikibooks","Wikibooks"
"nowikiquote",0.942057813214653,0.0102719890522154,0.0392336741466517,0.00162084009711408,0.00665708690588427,0.000158596583481815,"nowikiquote","Wikiquote"
"nowikisource",0.992784510301901,0.000121162544636902,0.00350662701468249,0.00136563778605439,0.00210110629995215,0.000120956052773416,"nowikisource","Wikisource"
"nrmwiki",0.642221466704654,0.313819420427111,0.0319139920042675,0.00325787910096903,0.00859261887942032,0.00019462288357783,"nrmwiki","Wikipedia"
"nsowiki",0.897131583013159,0.0784795548834207,0.0180016586224102,0.00143559515976439,0.00482459165958677,0.000127016661658907,"nsowiki","Wikipedia"
"nvwiki",0.627998325195283,0.0481839437048053,0.317586464066745,0.00124731814655161,0.00486299888888466,0.000120949997731128,"nvwiki","Wikipedia"
"nywiki",0.998188405797101,0.000362318840580112,0.000362318840579964,0.000362318840579769,0.00036231884057974,0.00036231884057971,"nywiki","Wikipedia"
"ocwiki",0.988676079597135,0.00807886364616193,0.000262542941366065,1.7449847907278e-05,0.00296267354934892,2.39041808078069e-06,"ocwiki","Wikipedia"
"olowiki",0.00054338903571117,0.00033562285149741,0.998789241762303,9.82301987663463e-05,0.000229443944342143,4.07220738010061e-06,"olowiki","Wikipedia"
"omwiki",0.998188405797101,0.000362318840580112,0.000362318840579964,0.000362318840579769,0.00036231884057974,0.00036231884057971,"omwiki","Wikipedia"
"orwiki",0.99003227683355,0.00496364861720471,0.00238535374480521,0.000381723002684903,0.00218325683889796,5.37409628574318e-05,"orwiki","Wikipedia"
"oswiki",0.928710446098517,0.0151924760750504,0.0523255122479374,0.00117094380281755,0.00253303591570531,6.75858599721991e-05,"oswiki","Wikipedia"
"pagwiki",0.642221466704654,0.313819420427111,0.0319139920042675,0.00325787910096903,0.00859261887942032,0.00019462288357783,"pagwiki","Wikipedia"
"pamwiki",0.7980792191113,0.0152520261712947,0.00494280856732642,0.000725197776253696,0.180909267306063,9.14810677625236e-05,"pamwiki","Wikipedia"
"papwiki",0.935738423456022,0.0371750437121937,0.0177366396834444,0.00171810307175319,0.00753309732617303,9.86927504139728e-05,"papwiki","Wikipedia"
"pawiki",0.999424944662527,0.00021515784263137,0.000210941241712173,1.68846576748606e-05,0.000130177498123091,1.89409733105191e-06,"pawiki","Wikipedia"
"pcdwiki",0.890990762177092,0.100452535225733,0.00630437744272829,0.000280986570023049,0.00189824624245452,7.30923419690215e-05,"pcdwiki","Wikipedia"
"pdcwiki",0.868589157345413,0.0851650202789406,0.029542854251113,0.00304808040305963,0.013519662401382,0.000135225320092224,"pdcwiki","Wikipedia"
"pflwiki",0.936115269185594,0.0387160631060395,0.0180506894779061,0.00142289469829074,0.00559563710741915,9.94464247508143e-05,"pflwiki","Wikipedia"
"pihwiki",0.000362318840580309,0.9981884057971,0.000362318840579951,0.000362318840579717,0.000362318840579842,0.00036231884057971,"pihwiki","Wikipedia"
"piwiki",0.000362318840580309,0.9981884057971,0.000362318840579951,0.000362318840579717,0.000362318840579842,0.00036231884057971,"piwiki","Wikipedia"
"plwiki",0.998881906285428,6.86868340659174e-05,0.000246029959046456,2.34135584396174e-07,0.000802969987827312,1.72798048420102e-07,"plwiki","Wikipedia"
"plwikibooks",0.996587173862789,0.00292807427721724,0.000121527808677066,0.000120980327445952,0.000121287660719394,0.000120956063151355,"plwikibooks","Wikibooks"
"plwikinews",0.000362318840580309,0.9981884057971,0.000362318840579951,0.000362318840579717,0.000362318840579842,0.00036231884057971,"plwikinews","Wikinews"
"plwikiquote",0.999692837751186,0.000122853960093306,0.000114477447730174,1.01217474116556e-05,5.87790393701536e-05,9.30054208299676e-07,"plwikiquote","Wikiquote"
"plwikisource",0.832277250354003,0.16642658472449,0.000744827043549132,7.64688600597689e-05,0.000469010488793613,5.85852910453991e-06,"plwikisource","Wikisource"
"pmswiki",0.811055902836521,0.175569491158931,0.00998567601312388,0.000333686890640576,0.00301948467759729,3.57584231861384e-05,"pmswiki","Wikipedia"
"pnbwiki",0.993075916906914,0.00116774904832923,0.000636043888828361,4.81503238970269e-05,0.00506544224929224,6.69758273891271e-06,"pnbwiki","Wikipedia"
"pntwiki",0.841894221727124,0.13452763476762,0.0147637643381889,0.00107366953808454,0.00755293250436085,0.000187777124621754,"pntwiki","Wikipedia"
"pswiki",0.986937423687848,0.00445456199272491,0.00450677890391028,0.000213216013796685,0.00384670101978203,4.13183819383293e-05,"pswiki","Wikipedia"
"ptwiki",0.998200387967568,0.00050777302236425,4.3121175082079e-05,6.82700283808645e-05,0.000787599522045204,0.000392848284559893,"ptwiki","Wikipedia"
"ptwikibooks",0.982332586208591,0.00886663191916252,0.00796324630158523,0.000502097037485498,0.000121346781589196,0.000214091751586493,"ptwikibooks","Wikibooks"
"ptwikinews",0.642221466704654,0.313819420427111,0.0319139920042675,0.00325787910096903,0.00859261887942032,0.00019462288357783,"ptwikinews","Wikinews"
"ptwikiquote",0.992022890469878,0.006426634714239,0.00110013888809247,5.66006028148498e-05,0.000386587137618471,7.1481873568746e-06,"ptwikiquote","Wikiquote"
"ptwikisource",0.993012820312167,0.00653533041217844,0.000267332143237744,1.86786632582768e-05,0.000163957056868842,1.88141228916094e-06,"ptwikisource","Wikisource"
"quwiki",0.992720959838667,0.00322340742476823,0.00332388416754343,9.25646033297789e-05,0.000625748689524668,1.34352761664556e-05,"quwiki","Wikipedia"
"rmwiki",0.924806716979235,0.011019384512255,0.0063740716965569,0.000699509940865128,0.0024190886696869,0.0546812282014015,"rmwiki","Wikipedia"
"rmywiki",0.000362318840580309,0.9981884057971,0.000362318840579951,0.000362318840579717,0.000362318840579842,0.00036231884057971,"rmywiki","Wikipedia"
"rnwiki",0.998188405797101,0.000362318840580112,0.000362318840579964,0.000362318840579769,0.00036231884057974,0.00036231884057971,"rnwiki","Wikipedia"
"roa_rupwiki",0.941080859714792,0.0394458034449455,0.0147878743835797,0.000869928487584476,0.00371835120542413,9.71827636743019e-05,"roa_rupwiki","Wikipedia"
"roa_tarawiki",0.903721264484162,0.0571715009980449,0.0163823253998583,0.00136152396774213,0.00525330046030265,0.0161100846898897,"roa_tarawiki","Wikipedia"
"rowiki",0.243694075205759,8.13087696242912e-05,0.454314267194593,4.08302451398279e-05,0.301347214241678,0.000522304343206677,"rowiki","Wikipedia"
"rowikiquote",0.96552203873173,0.021103111609924,0.00746195694124386,0.00105935747117324,0.00477865431149999,7.48809344293408e-05,"rowikiquote","Wikiquote"
"rowikisource",0.982329144733023,0.0113225913176911,0.00261020578049868,0.000496125331445474,0.00318291925545616,5.90135818852893e-05,"rowikisource","Wikisource"
"ruewiki",0.721951179699445,0.0265992488083243,0.248128749512614,0.000864757593428312,0.00238078910423523,7.52752819527103e-05,"ruewiki","Wikipedia"
"ruwiki",3.60826810967252e-06,9.36046183235783e-09,1.86105999709067e-05,0.990919048914507,0.00903117258817897,2.7550268771318e-05,"ruwiki","Wikipedia"
"ruwikinews",0.867907814476521,0.00788096445776917,0.00679024203783966,0.000498370740246987,0.11687980239272,4.28058949034745e-05,"ruwikinews","Wikinews"
"ruwikiquote",0.999995352484281,1.18709127182035e-06,1.06429214971819e-06,7.65262261280365e-07,9.17241646627921e-07,7.13628389650851e-07,"ruwikiquote","Wikiquote"
"ruwikisource",0.327968230150112,0.000580843695532252,0.23333936770335,0.437933573353951,0.000125148012172048,5.28370848823247e-05,"ruwikisource","Wikisource"
"rwwiki",0.909427270200048,0.0397192690360607,0.0375927641111633,0.0102581395681429,0.0028149582198981,0.000187598864687413,"rwwiki","Wikipedia"
"sahwiki",0.821540952840168,0.00868908312685186,0.16642626002202,0.00136616345636516,0.00190744043436035,7.01001202348808e-05,"sahwiki","Wikipedia"
"sawiki",0.996696832564796,0.00163997962525071,0.00111872816904559,0.000128924086586493,0.000387015356269586,2.85201980520684e-05,"sawiki","Wikipedia"
"sawikisource",0.993583791106486,0.000471624402117798,0.0044485798689914,0.000667839800611341,0.000737432748707653,9.07320730855512e-05,"sawikisource","Wikisource"
"scnwiki",0.942497016747524,0.0539846945062895,0.00259287951879491,9.60789298369665e-05,0.000814045831199278,1.52844663556604e-05,"scnwiki","Wikipedia"
"scowiki",0.961887133584895,0.0234759085782328,0.00535760568254526,5.1814506335062e-05,0.0092227787349532,4.75891303820348e-06,"scowiki","Wikipedia"
"scwiki",0.787572798020763,0.11213944966517,0.0250005596228149,0.000318376938690373,0.0749409180674029,2.7897685158567e-05,"scwiki","Wikipedia"
"sdwiki",0.991656949168776,0.00534105725940821,0.00171974318738945,0.000147729437650597,0.00111213773807549,2.23832087006832e-05,"sdwiki","Wikipedia"
"sewiki",0.939416391469725,0.0216184872838214,0.0326163108266534,0.000837023018467673,0.00540434411586411,0.00010744328546823,"sewiki","Wikipedia"
"sgwiki",0.838201491311097,0.132824635714008,0.0220127640312558,0.00146662563493387,0.00535678740711403,0.000137695901591152,"sgwiki","Wikipedia"
"shwiki",0.999344256310224,0.000366937509080032,8.27116425245819e-05,6.71293857890585e-06,0.000198687694854962,6.93904737518106e-07,"shwiki","Wikipedia"
"simplewiki",0.999055728375433,0.000483707639235789,0.000146789665818897,7.49874186665462e-06,0.000305344533702984,9.31043942976627e-07,"simplewiki","Wikipedia"
"simplewikiquote",0.962323535347195,0.0242883761901877,0.0105315894256052,0.000147952199620377,0.00267527218721237,3.32746501793217e-05,"simplewikiquote","Wikiquote"
"siwiki",0.99350177442994,0.00152413400298287,0.00413832711990708,0.000142928848329974,0.000679809590586556,1.30260082532512e-05,"siwiki","Wikipedia"
"skwiki",0.998535852886985,0.0011706144630234,0.000201057767739902,1.37894193342414e-05,7.74231707792768e-05,1.26229213780958e-06,"skwiki","Wikipedia"
"skwikiquote",0.978846389933543,0.00766155850023784,0.0103711940325543,0.000828922360601617,0.00221204797845238,7.98871946104905e-05,"skwikiquote","Wikiquote"
"slwiki",3.55829751922713e-07,1.30125317875584e-06,0.999997827576347,1.5181201703918e-07,2.26996205925053e-07,1.36532498847863e-07,"slwiki","Wikipedia"
"slwikiquote",0.959040925659816,0.0285380992101207,0.010271333012094,0.000431471157443168,0.00167163033277785,4.6540627748251e-05,"slwikiquote","Wikiquote"
"slwikisource",0.927037389061763,0.0645005199398763,0.00597878691829982,0.000426841544954454,0.00200617896046215,5.02835746441161e-05,"slwikisource","Wikisource"
"smwiki",0.97806187526023,0.00983975066541997,0.00823449783249316,0.000632363572942067,0.00317124078018397,6.02718887307079e-05,"smwiki","Wikipedia"
"snwiki",0.935738423456022,0.0371750437121937,0.0177366396834444,0.00171810307175319,0.00753309732617303,9.86927504139728e-05,"snwiki","Wikipedia"
"sowiki",0.991501302558262,0.00253524076674132,0.00259094254138652,0.00031930398673011,0.00302464980652203,2.85603403581468e-05,"sowiki","Wikipedia"
"specieswiki",0.00114295629319712,0.979783262884017,0.000261252043245335,3.36246012380694e-05,0.018750976975548,2.79272027544663e-05,"specieswiki","Other"
"sqwiki",0.99856076316161,0.000773952364632558,0.000396254210479312,2.56471686784787e-05,0.000239875583481614,3.50751111778453e-06,"sqwiki","Wikipedia"
"sqwikibooks",0.881430759819678,0.0820597725609431,0.0281684709218225,0.00179605681072916,0.00641787597418233,0.000127063912644972,"sqwikibooks","Wikibooks"
"sqwikinews",0.000362318840580309,0.9981884057971,0.000362318840579951,0.000362318840579717,0.000362318840579842,0.00036231884057971,"sqwikinews","Wikinews"
"sqwikiquote",0.998188405797101,0.000362318840579818,0.000362318840579975,0.000362318840579712,0.000362318840579749,0.000362318840579711,"sqwikiquote","Wikiquote"
"srnwiki",0.642221466704654,0.313819420427111,0.0319139920042675,0.00325787910096903,0.00859261887942032,0.00019462288357783,"srnwiki","Wikipedia"
"srwiki",0.994210924303697,0.000480275586766798,9.95379499107514e-05,9.11117697487563e-06,0.00519933815736491,8.12825285902792e-07,"srwiki","Wikipedia"
"srwikibooks",0.893728037704159,0.0657457638480552,0.0327466372342475,0.000338665854978621,0.00735016682578627,9.07285327735387e-05,"srwikibooks","Wikibooks"
"srwikinews",0.642221466704654,0.313819420427111,0.0319139920042675,0.00325787910096903,0.00859261887942032,0.00019462288357783,"srwikinews","Wikinews"
"srwikiquote",0.94992726983612,0.0372797483344023,0.00847761866023895,0.000913442925727547,0.00332827478476247,7.36454587483056e-05,"srwikiquote","Wikiquote"
"srwikisource",0.977424834359868,0.0149038081154059,0.00503031795836654,0.00034034086181958,0.0022403395454139,6.03591591259902e-05,"srwikisource","Wikisource"
"sswiki",0.642221466704654,0.313819420427111,0.0319139920042675,0.00325787910096903,0.00859261887942032,0.00019462288357783,"sswiki","Wikipedia"
"stqwiki",0.935741362068031,0.0389271691371596,0.020379523714903,0.000956440135499098,0.00390124918923041,9.42557551765248e-05,"stqwiki","Wikipedia"
"stwiki",0.913637159881054,0.0214651669660534,0.0399968902151722,0.00594855528795046,0.0187480827275371,0.00020414492223325,"stwiki","Wikipedia"
"suwiki",0.885421879086871,0.0457900857279452,0.0634573827146643,0.000700440283413553,0.00459034941505521,3.98627720507966e-05,"suwiki","Wikipedia"
"svwiki",0.736466470937378,5.76074368570114e-05,0.259910505327504,0.000623648549579664,0.00170987242881798,0.00123189531986353,"svwiki","Wikipedia"
"svwikibooks",0.998188405797101,0.000362318840579766,0.000362318840580266,0.000362318840579735,0.000362318840579866,0.000362318840579712,"svwikibooks","Wikibooks"
"svwikinews",0.000362318840580309,0.9981884057971,0.000362318840579951,0.000362318840579717,0.000362318840579842,0.00036231884057971,"svwikinews","Wikinews"
"svwikiquote",0.991930659514452,0.00261414760926161,0.00393081023568395,0.00024396074406528,0.00125803303489094,2.23888616461089e-05,"svwikiquote","Wikiquote"
"svwikisource",0.000321425133045773,0.99942675432866,0.000232173837738272,7.79389581984562e-06,1.11786684512301e-05,6.74136284415659e-07,"svwikisource","Wikisource"
"swwiki",0.966107227098488,0.00119507745527055,0.00546704102462398,0.000140464956844655,0.0270793223027202,1.08671620526858e-05,"swwiki","Wikipedia"
"szlwiki",0.90717255387681,0.0107820081800468,0.00370460392901544,0.000377288100834876,0.0779283915455458,3.51543677468435e-05,"szlwiki","Wikipedia"
"tawiki",0.987341328283247,0.00934560288220806,0.00063909890493684,1.95065571183603e-05,0.00265211432825552,2.34904423401509e-06,"tawiki","Wikipedia"
"tawikibooks",0.998188405797101,0.000362318840579818,0.000362318840579975,0.000362318840579712,0.000362318840579749,0.000362318840579711,"tawikibooks","Wikibooks"
"tawikinews",0.642221466704654,0.313819420427111,0.0319139920042675,0.00325787910096903,0.00859261887942032,0.00019462288357783,"tawikinews","Wikinews"
"tawikiquote",0.792049085055849,0.188370606585762,0.0126214397157868,0.00031339099313629,0.0065530146123589,9.24630371066442e-05,"tawikiquote","Wikiquote"
"tawikisource",0.987660897218262,0.00408827310433898,0.00514759734499339,0.000714501422810873,0.00226284680374498,0.000125884105850088,"tawikisource","Wikisource"
"tcywiki",0.998188405797101,0.000362318840580112,0.000362318840579964,0.000362318840579769,0.00036231884057974,0.00036231884057971,"tcywiki","Wikipedia"
"testwikidatawiki",0.998188405797101,0.000362318840579788,0.00036231884057971,0.000362318840579738,0.00036231884057971,0.00036231884057971,"testwikidatawiki","Other"
"tetwiki",0.879999178218256,0.088490438981385,0.0220162613681078,0.00209317030578114,0.00726440153555224,0.00013654959091793,"tetwiki","Wikipedia"
"tewiki",0.995625302034323,0.00255090039504528,0.00137965341412203,4.47380944698703e-05,0.000393019834031556,6.38622800821793e-06,"tewiki","Wikipedia"
"tgwiki",9.54069350744194e-05,6.52483994470805e-05,0.938749037684788,0.0523598090332865,0.000717353406178009,0.00801314454122638,"tgwiki","Wikipedia"
"thwiki",0.998872888089411,0.000585094327514361,0.000128263719760796,9.30513668654491e-06,0.000403317974004134,1.13075262305792e-06,"thwiki","Wikipedia"
"thwikibooks",0.967687864637194,0.00849682643286502,0.013837491431464,0.000466188811553674,0.00933026393015405,0.000181364756769574,"thwikibooks","Wikibooks"
"thwikiquote",0.889364577791839,0.098822471472723,0.00826109871248418,0.000800259073830272,0.00266910369022588,8.24892588981389e-05,"thwikiquote","Wikiquote"
"thwikisource",0.811332994297292,0.0096272865263778,0.177200556045215,0.000513345101118839,0.00127783229851598,4.7985731480657e-05,"thwikisource","Wikisource"
"tiwiki",0.642221466704654,0.313819420427111,0.0319139920042675,0.00325787910096903,0.00859261887942032,0.00019462288357783,"tiwiki","Wikipedia"
"tkwiki",0.912934288150967,0.00643258941974103,0.00787507063406625,0.000236553574660364,0.0724909863348908,3.05118856747489e-05,"tkwiki","Wikipedia"
"tlwiki",0.996928511133925,0.000263609531944575,0.000363779807500905,2.01488753503142e-05,0.00242142476488581,2.52588639291917e-06,"tlwiki","Wikipedia"
"tnwiki",0.897131583013159,0.0784795548834207,0.0180016586224102,0.00143559515976439,0.00482459165958677,0.000127016661658907,"tnwiki","Wikipedia"
"towiki",0.957453539987322,0.0184807274963982,0.0189947132995648,0.00257066582837088,0.00231294676836504,0.00018740661997907,"towiki","Wikipedia"
"tpiwiki",0.930705368960076,0.0507996442010542,0.0141292511878895,0.000864634493089731,0.00340107498895269,0.000100026168937715,"tpiwiki","Wikipedia"
"trwiki",0.998341024352935,0.000103654739312922,8.94671494190221e-05,6.28771135236931e-07,0.00146488397080416,3.41016393730804e-07,"trwiki","Wikipedia"
"trwikibooks",0.998188405797101,0.000362318840579863,0.00036231884057971,0.00036231884057971,0.00036231884057971,0.00036231884057971,"trwikibooks","Wikibooks"
"trwikinews",0.000362318840580309,0.9981884057971,0.000362318840579951,0.000362318840579717,0.000362318840579842,0.00036231884057971,"trwikinews","Wikinews"
"trwikiquote",0.99657789997811,0.00147799182375009,0.00134445223903887,6.75261090172268e-05,0.000522399755980375,9.73009410345145e-06,"trwikiquote","Wikiquote"
"trwikisource",0.971226295766016,0.00427900562977488,0.0188918059612227,0.000829652970698632,0.00462913288106101,0.0001441067912266,"trwikisource","Wikisource"
"tswiki",0.642221466704654,0.313819420427111,0.0319139920042675,0.00325787910096903,0.00859261887942032,0.00019462288357783,"tswiki","Wikipedia"
"ttwiki",0.00133480038745283,0.000422665659458555,0.820516213459672,0.167783537655653,0.000138853435867415,0.00980392940189708,"ttwiki","Wikipedia"
"tumwiki",0.998188405797101,0.000362318840580112,0.000362318840579964,0.000362318840579769,0.00036231884057974,0.00036231884057971,"tumwiki","Wikipedia"
"twwiki",0.642221466704654,0.313819420427111,0.0319139920042675,0.00325787910096903,0.00859261887942032,0.00019462288357783,"twwiki","Wikipedia"
"tyvwiki",0.00554262331153913,0.000781446401835819,0.992408588551284,0.000479519799508958,0.000777071695526888,1.07502403049091e-05,"tyvwiki","Wikipedia"
"tywiki",0.943438699885671,0.0373563983294472,0.0148786452471488,0.000894281094326966,0.00333773321284933,9.42422305571186e-05,"tywiki","Wikipedia"
"udmwiki",0.0019824387996803,0.00109068011627807,0.996246440068148,0.000305695340380283,0.000362128127270235,1.26175482435161e-05,"udmwiki","Wikipedia"
"ugwiki",0.996453036607979,0.00129739337949479,0.00134052819927338,0.000189270855888437,0.000703476931393754,1.62940259707851e-05,"ugwiki","Wikipedia"
"ukwiki",0.0221019697871445,1.44561621696611e-07,1.29948616819678e-05,0.977784955426526,5.45078497040763e-06,9.44845780560632e-05,"ukwiki","Wikipedia"
"ukwikinews",0.000362318840580309,0.9981884057971,0.000362318840579951,0.000362318840579717,0.000362318840579842,0.00036231884057971,"ukwikinews","Wikinews"
"ukwikiquote",0.998645573607805,0.000463273299991634,0.000528452050769916,6.12258631007099e-05,0.000296315536177577,5.15964215484256e-06,"ukwikiquote","Wikiquote"
"ukwikisource",0.987598891122447,0.00255036356476732,0.00547235732832306,0.00221785492265289,0.00212225674601136,3.82763157983372e-05,"ukwikisource","Wikisource"
"urwiki",0.726634775112512,0.000653550552947795,0.000399215215926554,4.17147135687949e-05,0.27226823865937,2.50574567472987e-06,"urwiki","Wikipedia"
"urwikiquote",0.967866508902709,0.0228095186224772,0.00459343131223445,0.000482904628866622,0.00418583547817425,6.18010555380799e-05,"urwikiquote","Wikiquote"
"uzwiki",0.947271227079318,0.00175828038801469,0.0386825392378854,0.000151099214377254,0.0121303750174537,6.47906295082276e-06,"uzwiki","Wikipedia"
"vecwiki",0.978354811007024,0.0142133980825922,0.00475044765806663,0.000282038611582652,0.00237303714425746,2.62674964768051e-05,"vecwiki","Wikipedia"
"vepwiki",0.000539204924400542,0.00013922276804645,0.998501628730686,5.06312759184333e-05,0.000767195646279752,2.11665466892554e-06,"vepwiki","Wikipedia"
"vewiki",0.642221466704654,0.313819420427111,0.0319139920042675,0.00325787910096903,0.00859261887942032,0.00019462288357783,"vewiki","Wikipedia"
"viwiki",0.999022535583057,0.000102133059588415,0.000234223678730945,7.38990302566662e-06,0.000632812707591156,9.05068006851519e-07,"viwiki","Wikipedia"
"viwikibooks",0.000362318840580309,0.9981884057971,0.000362318840579951,0.000362318840579717,0.000362318840579842,0.00036231884057971,"viwikibooks","Wikibooks"
"viwikiquote",0.971596890787532,0.0103587631347525,0.012658332790317,0.000368121901130354,0.00495650864505057,6.13827412171995e-05,"viwikiquote","Wikiquote"
"viwikisource",0.924552421139955,0.0713870834497667,0.00305951064042629,0.000209290136847137,0.000710971468335594,8.07231646694331e-05,"viwikisource","Wikisource"
"vlswiki",0.949811135502914,0.0353438753914998,0.0108578515241419,0.00138191669532802,0.00251098497995214,9.42359061642749e-05,"vlswiki","Wikipedia"
"vowiki",0.934396161316714,0.041868309589209,0.0163148015039902,0.00156919325561941,0.00574688256011365,0.000104651774353525,"vowiki","Wikipedia"
"warwiki",0.994800941823615,0.00199576755516447,0.00279611464660919,7.07544583170517e-05,0.000327593136726247,8.8283795676895e-06,"warwiki","Wikipedia"
"wawiki",0.956909999055439,0.0390032678302694,0.00270049597390689,0.000174167157530092,0.00118755127734916,2.45187055050774e-05,"wawiki","Wikipedia"
"wikidatawiki",0.000183378204303941,0.940132156203114,0.0121564879550741,3.30803297924388e-05,0.0369258835423207,0.0105690137653953,"wikidatawiki","Other"
"wowiki",0.757239385093498,0.0399978115607568,0.197680699004901,0.0010849434489752,0.0039154731586517,8.16877332166468e-05,"wowiki","Wikipedia"
"wuuwiki",0.986307006565278,0.0112316729540874,0.00154146312801826,0.000173225258083821,0.000719659446118026,2.69726484146917e-05,"wuuwiki","Wikipedia"
"xalwiki",0.642221466704654,0.313819420427111,0.0319139920042675,0.00325787910096903,0.00859261887942032,0.00019462288357783,"xalwiki","Wikipedia"
"xhwiki",0.935738423456022,0.0371750437121937,0.0177366396834444,0.00171810307175319,0.00753309732617303,9.86927504139728e-05,"xhwiki","Wikipedia"
"xmfwiki",0.944641999038846,0.00166367272415893,0.0529036723183843,0.000227566858996731,0.00055170508271649,1.13839768978613e-05,"xmfwiki","Wikipedia"
"yiwiki",0.994057498975563,0.00305109666453719,0.00223268600910584,9.27498228116134e-05,0.000552520863078794,1.344766490372e-05,"yiwiki","Wikipedia"
"yowiki",0.989065686076497,0.00339222499925808,0.00485699142537119,0.000333007040634174,0.00231049907463559,4.15913836035995e-05,"yowiki","Wikipedia"
"zawiki",0.889057241192994,0.0995684135823881,0.00865860585628057,0.000341153228694562,0.00226511616807701,0.000109469971565709,"zawiki","Wikipedia"
"zeawiki",0.971896244126502,0.0136334267661682,0.00931975913516856,0.00101987551433876,0.00406301564958808,6.76788082347999e-05,"zeawiki","Wikipedia"
"zh_classicalwiki",0.997802588407872,0.000765724817970023,0.00111173567521281,5.54692054178141e-05,0.000255162124917517,9.31976860954913e-06,"zh_classicalwiki","Wikipedia"
"zh_min_nanwiki",0.989294642831736,0.000854569323328658,0.000357241120470347,2.61663116564437e-05,0.00946366542045349,3.71499235492838e-06,"zh_min_nanwiki","Wikipedia"
"zh_min_nanwikiquote",0.998188405797101,0.000362318840580112,0.000362318840579964,0.000362318840579769,0.00036231884057974,0.00036231884057971,"zh_min_nanwikiquote","Wikiquote"
"zh_min_nanwikisource",0.998188405797101,0.00036231884057971,0.00036231884057971,0.000362318840579727,0.00036231884057971,0.00036231884057971,"zh_min_nanwikisource","Wikisource"
"zh_yuewiki",0.992810623921659,0.000714293478387714,0.000568695057040497,2.72700819799993e-05,0.0058751947375369,3.92272339558663e-06,"zh_yuewiki","Wikipedia"
"zhwiki",0.997974570209768,6.51279451052673e-05,5.80580015974615e-05,6.21917743498659e-05,0.000963581998904196,0.000876470070274836,"zhwiki","Wikipedia"
"zhwikibooks",0.941452192993808,0.0473796233616485,0.0070539709187912,0.000288578749790444,0.00370149309963138,0.000124140876330658,"zhwikibooks","Wikibooks"
"zhwikiquote",0.996321557984196,0.00231497188565289,0.0009075157741553,8.18450371414088e-05,0.000362099220741488,1.20100981133539e-05,"zhwikiquote","Wikiquote"
"zhwikisource",0.99894501346468,0.000668242590250426,0.000208373595909109,4.03503499310824e-05,0.000132112755761565,5.90724346799015e-06,"zhwikisource","Wikisource"
"zuwiki",0.868589157345413,0.0851650202789406,0.029542854251113,0.00304808040305963,0.013519662401382,0.000135225320092224,"zuwiki","Wikipedia"
