"","topic1","topic2","topic3","topic4","topic5","topic6","topic7","topic8","project","projecttype"
"abwiki",0.993134152340765,0.000164397828127386,0.00120583708436325,0.00274682945895845,0.000613707408639278,0.000814964613205538,0.00122346938377418,9.66418821669119e-05,"abwiki","Wikipedia"
"acewiki",0.417579981336169,0.581383572997235,0.000215019925710333,0.000306880080586502,2.29012557670724e-06,0.000479326430285247,3.83785718083422e-06,2.90912472563511e-05,"acewiki","Wikipedia"
"adywiki",0.975390190281425,0.00305971268496701,0.00214332265622698,0.00882391354841599,0.00120888041157776,0.00881591696994108,0.000329773661108238,0.000228289786338376,"adywiki","Wikipedia"
"afwiki",0.81962714701064,0.175240312788233,0.000167913216140363,9.71935651852199e-05,4.61516395079485e-05,0.0047905534357607,3.0230881869967e-05,4.97462662675482e-07,"afwiki","Wikipedia"
"afwikiquote",0.959627840778995,0.000371924675867779,0.000479613006827491,0.000396869190426838,0.0375453491075445,0.00119507175216038,0.000324658421675285,5.86730665029871e-05,"afwikiquote","Wikiquote"
"akwiki",0.976264574879729,0.0162686386731238,0.000789499937959702,0.00335985270838889,1.70203163075795e-05,0.00297432688050593,3.26599971179524e-05,0.000293426606866842,"akwiki","Wikipedia"
"alswiki",0.969780260910311,0.00103703846407601,0.0273105719899086,0.000232378124686725,6.89023171545239e-05,0.00143805889790093,0.000131995144528528,7.94151433448772e-07,"alswiki","Wikipedia"
"amwiki",0.996534928549704,0.000302963113757328,8.04978115008158e-05,0.000132268061240238,0.00030076173867824,0.00260028238488766,3.63196225876487e-05,1.1978717644112e-05,"amwiki","Wikipedia"
"angwiki",0.998337260349375,0.000495097264393301,0.000377579505168752,0.000350040757606224,4.11750489570728e-05,0.000338789734454186,3.85548001852367e-05,2.1502539859911e-05,"angwiki","Wikipedia"
"angwikiquote",0.894955437429769,0.000309373933285097,0.00902701997760962,0.0116719879621903,0.0192007945041679,0.0222691368612566,0.041637879817275,0.000928369514447118,"angwikiquote","Wikiquote"
"anwiki",0.653348704325761,0.341078915477055,0.000214948686124055,0.000108490605569823,0.000115634256015392,0.00510982418142764,2.32389068085287e-05,2.43561237945336e-07,"anwiki","Wikipedia"
"arcwiki",0.996629858331279,0.000949164926711817,0.000618691770160665,0.000781996929903029,9.07848188752384e-05,0.000543255379058639,0.000299013278812214,8.72345651990784e-05,"arcwiki","Wikipedia"
"arwiki",0.000224678091743764,0.000177419278839992,0.14393646203899,0.0341974115664917,3.71692468358703e-06,0.82146028409761,1.72077632685885e-08,1.07938777198361e-08,"arwiki","Wikipedia"
"arwikibooks",0.87734943518816,0.00116622674602235,0.03278343448118,0.0610581911921037,0.000136033832868752,0.026511775351337,0.000264219813912786,0.00073068339441497,"arwikibooks","Wikibooks"
"arwikinews",0.99679836344037,0.000132328810966042,0.000945963950384745,0.000678503932515772,7.92193554339794e-06,0.00129939727040368,1.74985623115865e-05,0.000120022097504843,"arwikinews","Wikinews"
"arwikiquote",0.998661820020388,0.000144393163839662,0.000147100418675412,0.000188288942061618,0.000530083256346965,0.000253045398033275,5.94870524018423e-05,1.57817482531917e-05,"arwikiquote","Wikiquote"
"arwikisource",0.988020330731223,0.000378931559877133,0.00146584611374497,0.00255419051299448,0.000526134543283549,0.00559028211699183,0.00128071488528965,0.000183569536595382,"arwikisource","Wikisource"
"arzwiki",0.895338554907856,0.101728399580769,0.000174472228521801,0.000115549278402375,0.000179949857535021,0.00243842142432794,1.85184743259628e-05,6.13424826161997e-06,"arzwiki","Wikipedia"
"astwiki",0.614258614434643,0.382022749845286,0.000238701572573573,7.75739043183754e-05,6.68255623215702e-05,0.00331692658350384,1.83640519794177e-05,2.44045374279534e-07,"astwiki","Wikipedia"
"aswiki",0.975075093338915,0.00146279673390893,0.000189200935929284,0.000439692599306486,0.000131624583780795,0.000405134710751987,0.000127395145033767,0.0221690619523735,"aswiki","Wikipedia"
"avwiki",0.722979624619703,0.000376569888374184,0.00215843490851504,0.21849387460799,0.000439941086383278,0.0553931213606602,3.84541647567279e-05,0.000119979363617767,"avwiki","Wikipedia"
"aywiki",0.98794423516532,0.010258141578783,0.000205184046297743,0.000277356558088719,0.000948210733058407,0.000224598424984178,0.000127098878038776,1.51746154294612e-05,"aywiki","Wikipedia"
"azbwiki",0.917339623796617,0.0759617478949128,0.000257562306057132,0.00503281693913881,6.44924915220817e-05,0.00112051298268757,0.000208466272191567,1.47773168729325e-05,"azbwiki","Wikipedia"
"azwiki",0.77553418256563,0.20544227634574,0.000139227138031422,0.0013871878255003,8.6682306517854e-05,0.0172660751065161,0.000144156527489351,2.12184575072745e-07,"azwiki","Wikipedia"
"azwikibooks",0.000271739130435612,0.000271739130434857,0.000271739130434955,0.000271739130435021,0.000271739130434783,0.000271739130434958,0.998097826086955,0.000271739130434783,"azwikibooks","Wikibooks"
"azwikiquote",0.977017016991252,0.000206941817531104,0.000137974795093648,0.000223126168968886,0.0221102070649634,0.000249230476877637,4.53787339879049e-05,1.01239513253762e-05,"azwikiquote","Wikiquote"
"azwikisource",0.988838670791582,0.000276930476677597,0.000730107409955225,0.00571048717085296,0.00187234381450869,0.00134628395808806,0.00112878832897653,9.63880493589094e-05,"azwikisource","Wikisource"
"barwiki",0.951069635372487,0.041820826855695,0.00035805891577561,0.000420324092558148,5.99964120917422e-05,0.00608521344229729,0.000172263544608503,1.36813644862843e-05,"barwiki","Wikipedia"
"bat_smgwiki",0.994977204087368,0.00132532631098222,0.000175500484257781,0.000174801568481805,0.000102881731517018,0.00318946172884005,4.23432398378918e-05,1.24808487151942e-05,"bat_smgwiki","Wikipedia"
"bawiki",0.836024133022713,0.0030227743832365,0.000232469615981158,0.157192804946545,0.000139362474905242,0.00333675632086991,4.21458779401571e-05,9.55335780922957e-06,"bawiki","Wikipedia"
"bclwiki",0.918293696071427,0.080970781311506,0.000169467380349117,0.000164519175264147,2.45418644779353e-05,0.000344706032585042,1.65866661847133e-05,1.57014982064876e-05,"bclwiki","Wikipedia"
"be_x_oldwiki",0.699064034260543,0.0442007576505331,0.000204099509018824,0.255974254272656,8.4366606567981e-05,0.00039397828800356,7.82670894691465e-05,2.42323207791148e-07,"be_x_oldwiki","Wikipedia"
"bewiki",0.347967616303638,0.0217303556035024,0.000120271632403946,0.620883418750929,1.83011501456122e-05,0.00439689250912872,1.04679096066117e-05,0.00487267614064536,"bewiki","Wikipedia"
"bewikiquote",0.991466378755497,0.00100792336638998,0.00522631925634239,0.000921102329060564,0.000458504001072176,0.000567652770562384,0.000295721483424238,5.63980376518338e-05,"bewikiquote","Wikiquote"
"bewikisource",0.618093444869393,0.000247033345224991,0.00146260925032536,0.01745334162809,0.0954585685060873,0.00121965516003099,0.265918913283922,0.000146433956926162,"bewikisource","Wikisource"
"bgwiki",0.0525626027078074,0.0364986254859201,2.84642244448132e-05,2.7280946643821e-05,6.36897446953722e-05,0.91081029817826,8.99569869237609e-06,4.30135358528873e-08,"bgwiki","Wikipedia"
"bgwikiquote",0.745475450873173,0.243937973282039,7.28398118797121e-05,0.000117210248833526,0.0101880983018471,0.000144829698668887,6.29448321875631e-05,6.52951371192292e-07,"bgwikiquote","Wikiquote"
"bgwikisource",0.987591688346229,0.000451104810572222,0.001818031116856,0.00171093234118958,0.00165019742337063,0.00343828898108233,0.00314486674952846,0.000194890231171688,"bgwikisource","Wikisource"
"bhwiki",0.932173608412359,0.0137423850975483,0.000507932181232203,0.000435832300504659,0.000558008247132396,0.0132122584839625,0.00882010833381561,0.0305498669434451,"bhwiki","Wikipedia"
"biwiki",0.840649403388887,0.158528361649653,0.000122413169255557,0.000230455136914974,0.000141234171414673,0.000266775338376138,4.63822270886296e-05,1.49749184091509e-05,"biwiki","Wikipedia"
"bjnwiki",0.95219602617476,0.0435759705489457,0.000574408103358649,0.00189858877461623,5.59973880387546e-05,0.00152704461961155,3.04057491078384e-05,0.000141558641561564,"bjnwiki","Wikipedia"
"bmwiki",0.99655391044182,0.000405868107178153,0.000520373510738141,0.00102833061894677,8.90791201849833e-05,0.00121899667179686,3.15099472682908e-05,0.000151931582067194,"bmwiki","Wikipedia"
"bnwiki",0.833091650202575,0.143396640335344,7.48185553988711e-05,0.00201100897814958,5.05457741685241e-05,0.0183504763794128,2.16042809624435e-05,0.00300325549398846,"bnwiki","Wikipedia"
"bnwikisource",0.975821779847065,0.00023286395803539,0.0030054687518752,0.0042323754393474,0.0130479060365523,0.00182725579539025,0.00153089809540207,0.000301452076332206,"bnwikisource","Wikisource"
"bowiki",0.996722105149862,0.000180659087151792,0.000645707737961854,0.000539605195352334,0.00102426163661716,0.000323364210643909,0.000541247660281639,2.3049322129226e-05,"bowiki","Wikipedia"
"bpywiki",0.991450109684193,0.0013945505162171,0.000873402850578131,0.00162838412098179,0.00272543376668393,0.000847260043486633,0.000981093637277857,9.97653805817381e-05,"bpywiki","Wikipedia"
"brwiki",0.538542490244522,0.0526553785257575,0.403742110236366,8.42151786262879e-05,0.00051097673502971,0.00442068678695337,4.39432104016069e-05,1.99082343534741e-07,"brwiki","Wikipedia"
"brwikiquote",0.969723995555065,0.00133071020339517,0.000800256886229351,0.0019747615319302,0.0241124195790098,0.00116326666612967,0.000787980498814122,0.000106609079426656,"brwikiquote","Wikiquote"
"brwikisource",0.271044321042,0.000139165314042425,0.00124216658018714,0.000943276701718364,0.724516422776788,0.00189210800247418,0.000100302899029483,0.000122236683760215,"brwikisource","Wikisource"
"bswiki",0.884276135883834,0.100872382354531,0.000986817263846854,0.0111950552464591,0.00140301143815995,0.00126084191576166,5.53737695178762e-06,2.18520455862322e-07,"bswiki","Wikipedia"
"bswikiquote",0.935912754254927,0.0549650899742767,0.000102325434380704,0.000163905929176132,0.00864692411261787,0.000157456126390559,4.38121606138459e-05,7.73200761761406e-06,"bswikiquote","Wikiquote"
"bswikisource",0.936809766616863,0.000472964826290795,0.00609572284724179,0.00453706535174833,0.0118270600576379,0.00574407916848122,0.0337585304421028,0.000754810689633905,"bswikisource","Wikisource"
"bugwiki",0.778008380961073,0.205563220930418,0.0026017337728142,0.00631776384506876,6.80558129292639e-05,0.00652268432797067,0.000144744628543091,0.00077341572118353,"bugwiki","Wikipedia"
"bxrwiki",0.722327311028398,5.52654553988535e-05,0.000133471765189399,0.276822720312506,0.000350041902789932,0.000183879193341059,0.000110849069414373,1.64612729631234e-05,"bxrwiki","Wikipedia"
"cawiki",0.192869029069591,0.336047012048645,0.464639248055806,0.000483030454268233,0.000193393176333697,0.00558777015096767,9.20910382465291e-07,0.000179596134005812,"cawiki","Wikipedia"
"cawikinews",0.991562066838667,0.00041628377693789,0.00294925622440131,0.00177023382875443,4.24233485877704e-05,0.00274798807522743,0.000106767490930033,0.000404980416493826,"cawikinews","Wikinews"
"cawikiquote",0.960518488428231,0.00104768890885175,0.000823501480830965,0.00244988870282205,0.00112003797238245,0.0340042292959963,2.87388739792214e-05,7.42633690617041e-06,"cawikiquote","Wikiquote"
"cawikisource",0.800253238820265,0.00010617434078257,0.00106382128352015,0.000803030704603724,0.196489179828338,0.000500076994765275,0.00076130330714487,2.3174720580554e-05,"cawikisource","Wikisource"
"cbk_zamwiki",0.477244000446078,0.521354510027364,0.000167099421190936,0.000256604751059479,0.000537341395479482,0.000332570145764089,8.20230803011273e-05,2.58507327636185e-05,"cbk_zamwiki","Wikipedia"
"cdowiki",0.992631046898062,0.000194327447453974,0.000175058233293178,0.000262503270648143,0.000523116330314022,0.00614211775707068,5.18994626208104e-05,1.99306005373845e-05,"cdowiki","Wikipedia"
"cebwiki",0.655475059885826,0.145483636133766,0.000757828112341477,0.193690163289038,9.77071521178158e-05,0.00446469703042967,1.87229637709191e-05,1.2185432709658e-05,"cebwiki","Wikipedia"
"cewiki",0.901547847059671,0.000280829814184608,0.000200435941330948,0.0897257153509634,0.000159070355147774,0.00795338468321579,5.89494038308083e-05,7.37673916561407e-05,"cewiki","Wikipedia"
"chrwiki",0.983242006187918,0.000759902843316928,0.00107845545829705,0.00123533796943749,0.0117798892419821,0.00144739911376531,0.000354881208660903,0.00010212797662208,"chrwiki","Wikipedia"
"chwiki",0.989234479736175,0.000148671959230621,0.00360186158833404,0.00496506445879985,0.000327379218739991,0.00120466846536594,0.00039975409633449,0.000118120477020651,"chwiki","Wikipedia"
"chywiki",0.980349128636462,0.011850196197427,0.00081245561576492,0.00505224851270245,2.63820750207486e-05,0.00172509133764837,7.18081854168394e-05,0.000112689439557094,"chywiki","Wikipedia"
"ckbwiki",0.784548309909046,0.150724503685816,9.033112771251e-05,0.00010183277666913,0.062910139957555,0.00159807280788896,2.02044919855947e-05,6.60524332709594e-06,"ckbwiki","Wikipedia"
"commonswiki",6.31182314974463e-06,2.74126174228099e-06,1.21492596060943e-06,4.94001657770937e-07,6.61998707484083e-07,6.5055813963526e-07,0.999987925187125,2.43517782111956e-10,"commonswiki","Commons"
"cowiki",0.591866038875211,0.403457787793832,0.000162627291259581,0.000242189252692511,0.000407429213594069,0.00380495390706184,4.81293957569801e-05,1.08442705925167e-05,"cowiki","Wikipedia"
"crhwiki",0.666645663672323,0.00153530922480788,0.000478390291663888,0.329874809695988,0.000528425023002618,0.000717606425542728,0.000158959618770297,6.08360479011222e-05,"crhwiki","Wikipedia"
"crwiki",0.975841270649854,0.0122016842295712,0.00144037926193559,0.00390246923430349,0.0011273461992627,0.00417984594548728,0.00012170041761007,0.00118530406197606,"crwiki","Wikipedia"
"csbwiki",0.398116336134086,0.584190959736017,0.000421668588977652,0.000568271400304225,8.22643874633496e-06,0.0157348023805665,0.000908692354655262,5.10429666463219e-05,"csbwiki","Wikipedia"
"cswiki",0.367483397296172,0.359799972093291,0.252171393933366,0.00383970476247209,0.00138174161165402,0.0109140876158717,0.00440966288869303,3.97984808351037e-08,"cswiki","Wikipedia"
"cswikinews",0.965396557478207,0.013157784397126,0.00231794232710943,0.0121194792205058,4.4609818342525e-05,0.00640956206551902,0.000112121275000148,0.000441943418189752,"cswikinews","Wikinews"
"cswikiquote",0.866575255126366,0.129589151818947,0.000110180560894275,0.00229793901150428,0.0004937970859266,0.000813609189969513,0.000119717706287178,3.4950010426239e-07,"cswikiquote","Wikiquote"
"cswikisource",0.605854859446418,0.000107098435718373,0.000428639313767815,0.00082627702878932,0.360535818150638,0.000285026942767168,0.0319486155744638,1.36651074374132e-05,"cswikisource","Wikisource"
"cuwiki",0.994239772582205,0.000363251721604933,0.00142087247206849,0.00137197569575857,0.000684644132835655,0.00156866040456477,0.000215992259875622,0.000134830731086654,"cuwiki","Wikipedia"
"cvwiki",0.963213971340244,0.0201949526279772,0.000248053462269349,0.000319940917824063,0.00362992145772146,0.0120440888410421,0.000347810452373699,1.26090054837164e-06,"cvwiki","Wikipedia"
"cywiki",0.686332093195181,0.246084900720394,0.0465978184512383,0.000100220371429604,9.33194008939232e-05,0.0197426019408436,0.00104883416886571,2.11751153747673e-07,"cywiki","Wikipedia"
"cywikiquote",0.921079286727943,0.0702138422080661,0.00131258549848291,0.00197329094048654,0.00204888050974104,0.00206610278585887,0.00122317197265579,8.28393567657461e-05,"cywikiquote","Wikiquote"
"dawiki",0.0607292519915061,0.379694036439401,0.559235496680179,0.000245105281925466,1.33990182182513e-05,7.84156860442962e-05,4.26012976346674e-06,3.47729623753479e-08,"dawiki","Wikipedia"
"dawikiquote",0.99487972125254,0.00128152920526163,0.000575618923702536,0.000747497614591565,0.00129493183714863,0.000923523448125155,0.000246493206481061,5.06845121496568e-05,"dawikiquote","Wikiquote"
"dawikisource",0.813840788413516,0.000647831362489181,0.00140554463684421,0.00669700339995118,0.172773166608407,0.00244798454344993,0.00204951353624515,0.000138167499096958,"dawikisource","Wikisource"
"dewiki",5.55343624554044e-05,0.900034041830407,0.099664288582842,6.72440980854294e-05,0.0001221924960149,1.82615380525353e-05,6.06930895485372e-06,3.23677831878741e-05,"dewiki","Wikipedia"
"dewikinews",0.997412298892922,0.000747532770455348,0.00051035146071022,0.000626487659979248,4.70442883642522e-06,0.000619431862078807,1.80398264300982e-05,6.11530985875233e-05,"dewikinews","Wikinews"
"dewikiquote",0.971555579532319,0.0222068945294319,0.000179432326403557,0.000173191399533569,0.00380292220758439,0.00154043345255178,0.000541072903891459,4.73648283856833e-07,"dewikiquote","Wikiquote"
"dewikisource",0.791153933383982,4.3531131010033e-05,0.000978033401663916,0.000323313176016202,0.0795827976855962,0.00965166699692852,0.118258862357218,7.8618675851304e-06,"dewikisource","Wikisource"
"dewikivoyage",0.975945169737861,0.00169206586394043,0.0116767814218081,0.00388263096853083,6.80551184181865e-05,0.00580532775215243,0.000175867005977643,0.000754102131311542,"dewikivoyage","Wikivoyage"
"dinwiki",0.91683472626685,0.0540521722568054,0.00465829811843928,0.0135214759238194,4.53774000733687e-05,0.00982367859973998,0.000135043839368342,0.000929227594904192,"dinwiki","Wikipedia"
"diqwiki",0.904331903251898,0.0945359617380511,0.000157806019202972,0.000255399729833585,0.000281775853268958,0.000382653684585783,3.8489465890421e-05,1.60102572689958e-05,"diqwiki","Wikipedia"
"dsbwiki",0.660323994465224,0.31430078279787,0.000352543980481788,0.000435762547547405,2.82574243993395e-05,0.00872437258034894,0.0158138250292777,2.04611748507267e-05,"dsbwiki","Wikipedia"
"dtywiki",0.484009791172596,0.510437718167784,0.000175358329669091,0.000380769480482072,2.50867094168974e-05,0.000952617494254009,2.61413886471939e-05,0.00399251725715063,"dtywiki","Wikipedia"
"dvwiki",0.959580308567964,0.0285461753131203,0.000504067731028948,0.00129814287545288,1.78459240908612e-05,0.00996004107329395,2.8776741218279e-05,6.4641773831124e-05,"dvwiki","Wikipedia"
"dzwiki",0.974510187472203,0.00518999729934719,0.00465509371805489,0.00665690576459792,0.00041287478197361,0.0066580702436036,0.000172166381945878,0.00174470433827409,"dzwiki","Wikipedia"
"eewiki",0.989457304349042,0.00121366999653494,0.00166763197240024,0.00256670059422406,0.000196639001949224,0.00428988636049025,8.03225191070352e-05,0.000527845206252583,"eewiki","Wikipedia"
"elwiki",0.377655545622147,0.224753994878095,0.390888580255103,0.00439502075285892,0.000122309217687203,0.00218147078218606,3.01012923083405e-06,6.83626918388941e-08,"elwiki","Wikipedia"
"elwikinews",0.966490550364933,0.000739969910470883,0.00577972103562438,0.00794153374432573,8.5108015727391e-05,0.0176926604738695,0.000164709488169936,0.00110574696687877,"elwikinews","Wikinews"
"elwikiquote",0.996567116011907,0.000992701897236777,0.000151899492472314,0.000236113589767173,0.00164215352634216,0.000335755105028949,5.96567498539103e-05,1.46036273921022e-05,"elwikiquote","Wikiquote"
"elwikisource",0.89824525713095,7.69117644416487e-05,0.000705315618455474,0.000687984056442262,0.0992302871325393,0.000525204422433132,0.000492104063237823,3.69358114998799e-05,"elwikisource","Wikisource"
"emlwiki",0.485576188409695,0.512621146655389,0.000317819855018964,0.000338766011951223,0.000321048268419999,0.000450056984214742,0.000357009567609491,1.79642477014264e-05,"emlwiki","Wikipedia"
"enwiki",0.129559394856399,0.106112806266227,0.319263112653216,0.00444196229520236,0.0178885063841863,0.00356187542569701,0.0798209460296781,0.339351396089395,"enwiki","Wikipedia"
"enwikibooks",0.966711745378294,0.000175955715277991,0.0194012259992998,0.00341856811769249,0.00172068995779022,0.00549739072207911,0.00258993859497728,0.000484485514589436,"enwikibooks","Wikibooks"
"enwikinews",0.997471288635828,0.00109383036826783,0.000313024369534005,0.000392717610786481,1.63064261183172e-05,0.000639954553240675,2.65686412626504e-05,4.63093949620822e-05,"enwikinews","Wikinews"
"enwikiquote",0.807875478607542,0.189443718692213,0.000124095217688224,0.000140094340904782,0.0017102387836025,0.000634900637769746,2.5615639090724e-05,4.58580811887557e-05,"enwikiquote","Wikiquote"
"enwikisource",0.78239604651592,5.29695786792387e-05,0.000271215603953373,0.000149288047380107,0.0870509527447258,0.0415918322219947,0.0884873752431775,3.2004416944789e-07,"enwikisource","Wikisource"
"enwikivoyage",0.822671267861864,0.0143675654323337,0.0284373402667751,0.0675528269635948,0.0107744746853308,0.00837289196407729,0.0450499732976155,0.00277365952840844,"enwikivoyage","Wikivoyage"
"eowiki",0.348012043522045,0.235195040689367,0.40444546105454,0.00148184938219894,0.000172226026981991,0.0101010381432508,0.000592269020110406,7.21615062856971e-08,"eowiki","Wikipedia"
"eowikinews",0.995544052696013,0.00015747658568485,0.00141921285083818,0.000840419380732442,2.52802707198758e-05,0.00176637140790113,3.00875242511256e-05,0.000217099283859377,"eowikinews","Wikinews"
"eowikiquote",0.989828776389368,9.41437600243052e-05,0.000127379010519181,0.000174763608699989,0.00648941515826219,0.00315992478965122,0.000113278576742213,1.23187067331234e-05,"eowikiquote","Wikiquote"
"eowikisource",0.789054104138287,0.00023426145400792,0.000797649548681538,0.00145304929654483,0.143743014945354,0.000610206901270307,0.0640717788706092,3.59348452452349e-05,"eowikisource","Wikisource"
"eswiki",0.115136199673585,0.650073005870128,0.230761704368009,0.000238584865930423,0.00192467050404251,0.00186055418596454,5.26780352596401e-06,1.27288151055729e-08,"eswiki","Wikipedia"
"eswikinews",0.997401362715866,0.00099223548698722,0.000575622868086156,0.000414448952158609,5.09076213078565e-06,0.000533686955996535,9.64134529478752e-06,6.79109134801696e-05,"eswikinews","Wikinews"
"eswikiquote",0.882485872787566,0.114893549902146,0.000105887930565036,0.000136042134614922,0.002228195597352,0.000135944358807647,1.38774433613642e-05,6.29845587223015e-07,"eswikiquote","Wikiquote"
"eswikisource",0.929596038951028,6.24033978324594e-05,0.000201649605225812,0.000138189188127339,0.0695911243690683,0.000285413524108127,0.000115847309565552,9.33365504455011e-06,"eswikisource","Wikisource"
"etwiki",0.768964843838562,0.20171324305157,0.0196563667155504,0.0018082374825016,4.64500291855746e-05,0.00756845900469404,0.000242256621790014,1.43256145657871e-07,"etwiki","Wikipedia"
"etwikiquote",0.996462316146528,0.000230207794481569,0.000225523600945196,0.000430096460214556,0.00214858410595205,0.000353431894861069,0.000125247759390422,2.45922376269192e-05,"etwikiquote","Wikiquote"
"etwikisource",0.656568462397201,0.000833485616098306,0.00315014257312834,0.00376108138015937,0.295964231198015,0.00611304326271269,0.033197103661971,0.000412449910714311,"etwikisource","Wikisource"
"euwiki",0.159858645892184,0.316659002822598,0.523203625531671,0.000196577237340355,1.9400787584609e-05,6.21806748724804e-05,5.39732809225953e-07,2.732094057442e-08,"euwiki","Wikipedia"
"euwikiquote",0.969777946081244,0.000874813631483654,0.000406827342597022,0.000605930894224679,0.0274714294913682,0.000656162157656206,0.000171157564489728,3.57328369362367e-05,"euwikiquote","Wikiquote"
"extwiki",0.912532836170483,0.0810492255986272,0.000324271336084098,0.000240978571586531,0.000268789604712554,0.00548796905926533,8.12788048559579e-05,1.46508543853149e-05,"extwiki","Wikipedia"
"fawiki",0.50124182244453,0.313326081790982,0.143698609325196,0.00449203246087521,0.0164873133303578,0.0198293550804674,0.000924683887398097,1.01680193313145e-07,"fawiki","Wikipedia"
"fawikinews",0.985736165790273,0.000536410328149421,0.00375676876089538,0.00170575969892697,3.36629798863269e-05,0.00763797276468413,9.01499363117716e-05,0.000503109740872468,"fawikinews","Wikinews"
"fawikiquote",0.993754749836406,0.00210596665423744,0.000103377565292037,0.000180862980346971,0.00150007970229883,0.00231476938276145,3.18789101487765e-05,8.31496850818931e-06,"fawikiquote","Wikiquote"
"fawikisource",0.950677201755568,0.00045784177599396,0.00182066015480675,0.00465119094745146,0.0397539926298981,0.00159713958166693,0.000885154321913755,0.000156818832701326,"fawikisource","Wikisource"
"ffwiki",0.973721536651991,0.00502945002493462,0.00206400089145201,0.0141136439829213,0.000495846884711055,0.0041368002416301,5.99080105401557e-05,0.000378813311820014,"ffwiki","Wikipedia"
"fiu_vrowiki",0.998325639803838,6.20894239885675e-05,0.000283074723539629,0.000303751245024803,0.000505471720344772,0.000235379995526746,0.000261149684933764,2.34434028034309e-05,"fiu_vrowiki","Wikipedia"
"fiwiki",0.305807261527142,0.180871267881308,0.508623039745265,0.000779051583662686,8.7041739243712e-05,0.00381037417608825,2.18924660789632e-05,7.08812113638298e-08,"fiwiki","Wikipedia"
"fiwikiquote",0.994221257651869,0.000734389564441831,0.000239031995089326,0.000298086257718993,0.00413268437904865,0.000312598812581497,4.95213064693209e-05,1.24300327809277e-05,"fiwikiquote","Wikiquote"
"fiwikisource",0.760927778739107,0.000105916344700997,0.000554983295806547,0.000781000396793973,0.217941850614123,0.000447262211700061,0.0192069966881868,3.42117095821607e-05,"fiwikisource","Wikisource"
"fiwikivoyage",0.0216951670149707,0.959072588856029,0.00329756306705571,0.0117395698585948,6.80494656268886e-05,0.00384360142144889,9.45938116563848e-05,0.000188866504617241,"fiwikivoyage","Wikivoyage"
"fjwiki",0.989517858966634,0.00225474142405982,0.00121991446403045,0.00383131811237863,0.000207932147459191,0.00223693672699526,0.000414492182510531,0.000316805975932447,"fjwiki","Wikipedia"
"fowiki",0.098467372231269,0.0142910717348656,0.887122099221974,4.38601300786065e-05,9.62563957907689e-06,5.45461011430939e-05,1.01825456720722e-05,1.24239541843238e-06,"fowiki","Wikipedia"
"frpwiki",0.659972624567721,0.338717977181077,0.000242011707381028,0.000408529172307951,3.37950412621974e-05,0.000573160632129464,1.33342664051656e-05,3.85674317157414e-05,"frpwiki","Wikipedia"
"frrwiki",0.971820377177277,0.000147106463398347,0.000938224211222804,0.000672387660983837,0.00162896513802464,0.0244392730066624,0.000307564223304084,4.61021191272271e-05,"frrwiki","Wikipedia"
"frwiki",0.0691545900539988,0.0504072446400089,0.861832652567797,0.00031311160255208,0.014112022918949,0.00242903640347088,0.00175131056302802,3.12501956057609e-08,"frwiki","Wikipedia"
"frwikibooks",0.757383465300484,0.00140673808676106,0.00636051647144705,0.00655423254835531,0.00114852219688502,0.00847988620747608,0.218190494409781,0.000476144778809885,"frwikibooks","Wikibooks"
"frwikinews",0.145920567613269,0.000118633902388124,0.853688594020278,8.68641211590197e-05,1.36212542459518e-06,0.000167437963419897,2.37845577454602e-06,1.41617982872732e-05,"frwikinews","Wikinews"
"frwikiquote",0.870585945369409,0.0193888650502614,0.000160460407873606,0.000283202791995417,0.109353991061274,0.00018926255748042,3.26065018607367e-05,5.66625984452048e-06,"frwikiquote","Wikiquote"
"frwikisource",6.86524549276743e-09,2.07281744146045e-09,2.56731866517926e-09,2.5637302583905e-09,0.999999977065219,4.38589837907738e-09,2.50602542526364e-09,1.97374491417353e-09,"frwikisource","Wikisource"
"frwikivoyage",0.0002717391304351,0.000271739130434829,0.000271739130435239,0.998097826086955,0.000271739130434783,0.000271739130434851,0.000271739130435482,0.000271739130434811,"frwikivoyage","Wikivoyage"
"furwiki",0.997499187143743,0.000260416912094134,0.000509666939476704,0.000621945020187634,0.000372914350188531,0.000397085846186422,0.000303929041642029,3.48547464813161e-05,"furwiki","Wikipedia"
"fywiki",0.822086114949375,0.134226847463576,0.0182297904683914,0.000169764148097554,0.00306169939697341,0.00995115564457514,0.0122743251406575,3.02788354544767e-07,"fywiki","Wikipedia"
"gagwiki",0.97744626108424,0.00491050189090573,0.00392276894388437,0.00703081934711792,3.31931664963507e-05,0.0028851816796696,0.00367232126861892,9.89526190671283e-05,"gagwiki","Wikipedia"
"ganwiki",0.989021667792497,0.000368515936890618,0.000343147026192091,0.000450141212586884,0.000897528637974551,0.00857809073777251,0.000316662837288103,2.42458187978323e-05,"ganwiki","Wikipedia"
"gawiki",0.780855101210531,0.215646417623781,0.000100525353993334,0.00135748802553967,7.9695362474746e-05,0.00193951985260122,2.09932905674309e-05,2.59280511569245e-07,"gawiki","Wikipedia"
"gdwiki",0.907192448688629,0.090797331536946,0.000115915283912882,0.000165399445048471,6.27019487518304e-05,0.00163897808064731,2.00022134065221e-05,7.22280265762882e-06,"gdwiki","Wikipedia"
"glkwiki",0.911144390501577,0.072021244198851,0.00156951403586212,0.0114199687280242,0.000608795925039041,0.00285184275591333,0.000229023756001307,0.00015522009873227,"glkwiki","Wikipedia"
"glwiki",0.59706217233103,0.306732447552059,0.0673334728354237,0.0026704866355298,0.000732072955202762,0.0251759919292583,0.000293227430013095,1.28331482664397e-07,"glwiki","Wikipedia"
"glwikiquote",0.997397567184197,0.000204403775950703,0.000205041092826494,0.000318106150053221,0.00146940597339129,0.000267305458675685,0.000118676981610664,1.94933832944465e-05,"glwikiquote","Wikiquote"
"glwikisource",0.779316295921649,0.00081758366106245,0.00284844481867612,0.00504306109782919,0.207299519732445,0.00313374436449296,0.00142733480432434,0.000114015599521122,"glwikisource","Wikisource"
"gnwiki",0.98457396075235,0.000471414657928693,0.000319659152029402,0.000469330669317126,0.000652377772791178,0.0131145166467116,0.000357131295027805,4.16090538443433e-05,"gnwiki","Wikipedia"
"gomwiki",0.996446354525291,0.000723532203782619,0.000259771970383979,0.000422793956799265,0.000753424141361467,0.000459248717852935,6.25686312789142e-05,0.000872305853249824,"gomwiki","Wikipedia"
"gotwiki",0.765907355367851,0.230985956381956,0.00048176784978983,0.000923099736112049,0.000305943049657566,0.00117030807522642,0.000157337612904348,6.82319265031831e-05,"gotwiki","Wikipedia"
"guwiki",0.954816730701309,0.0163636305668736,0.000260916269007108,0.000488988001719769,4.13957533799776e-05,0.00255140923887207,6.76180506833905e-05,0.0254093114181552,"guwiki","Wikipedia"
"guwikiquote",0.988575610631181,0.000578806936869353,0.000679478952144565,0.00256343206324664,0.00190320094629363,0.00363448210024789,0.00116236498364314,0.000902623386373163,"guwikiquote","Wikiquote"
"guwikisource",0.984169456255068,0.000961501882853385,0.00252532620495075,0.00270103144438647,0.000871791752717364,0.00610587476780654,0.000416725233638243,0.00224829245857923,"guwikisource","Wikisource"
"gvwiki",0.79244051629666,0.197748343223742,0.00105123939908183,0.000246823082114558,7.73856021458946e-05,0.00831087536490095,0.000103809615686919,2.10074156672727e-05,"gvwiki","Wikipedia"
"hakwiki",0.998205739109205,0.00066370699858535,0.000263461987153052,0.000279616652745419,0.000195168358995743,0.000320514758804357,5.39672288785636e-05,1.78249056321779e-05,"hakwiki","Wikipedia"
"hawiki",0.958795847649525,0.0371915360902637,0.000865120352952523,0.00155685328522702,2.56586673144e-05,0.00144307152609008,2.00775063049275e-05,0.000101834922322254,"hawiki","Wikipedia"
"hawwiki",0.840636834632918,0.153866342391293,0.000890625414098349,0.00110584019426236,0.000318474473545379,0.00111897865611192,0.00201576559618446,4.71386415871014e-05,"hawwiki","Wikipedia"
"hewiki",0.154959199473119,0.18711853495385,6.57202587052436e-05,0.000277814533694727,4.1559516923539e-05,0.656882816333435,1.74296131789859e-05,0.000636925317093467,"hewiki","Wikipedia"
"hewikinews",0.984636609151417,0.000382789416286387,0.00956255280597922,0.000638428352463435,6.80528618459738e-05,0.00335794054889648,0.000131281362471055,0.00122234550064064,"hewikinews","Wikinews"
"hewikiquote",0.937980231000312,0.0176049301273169,0.000139208680096044,0.00049676614070579,0.0435560805162034,0.000188072242139455,2.94688902110628e-05,5.24240301566067e-06,"hewikiquote","Wikiquote"
"hewikisource",0.990339207271607,0.000238554762338577,0.000913877236087537,0.00274594874371017,0.00398549141029022,0.00126942162944797,0.000431032276068269,7.64666704505026e-05,"hewikisource","Wikisource"
"hifwiki",0.99554598941462,6.85872596401268e-05,0.000117373710516613,0.000192054868216297,0.000210683574078141,0.00377137893072407,7.73518805904748e-05,1.65803616142211e-05,"hifwiki","Wikipedia"
"hiwiki",0.815330545216329,0.127149721043424,0.000110742212816272,0.00165375593950349,6.43923030188929e-05,0.00289654664358221,2.49597366214422e-05,0.0527693369047047,"hiwiki","Wikipedia"
"hiwikiquote",0.990441408608494,0.00313837796531007,0.000590797809627848,0.00117114818429045,0.0002988918647986,0.00168880811315975,9.49864534954081e-05,0.00257558100082369,"hiwikiquote","Wikiquote"
"hrwiki",0.716463767866528,0.247771649673482,0.0247029826862491,0.0081030051761763,0.00169438688564773,0.00112124134162875,0.000142827763764643,1.38606522982011e-07,"hrwiki","Wikipedia"
"hrwikiquote",0.964753189135735,0.000391402649644088,0.000117261602781329,0.0001552219028613,0.0319806112698617,0.00251896968289309,7.43630178933586e-05,8.98073833034418e-06,"hrwikiquote","Wikiquote"
"hrwikisource",0.985105569800072,0.000293978969027482,0.000879998782908842,0.00238580477705664,0.00906956707275614,0.0011953549059819,0.000928710333255935,0.00014101535894123,"hrwikisource","Wikisource"
"hsbwiki",0.96645977773798,0.0258802205138485,0.000228328052968436,0.000477876521175479,3.202628638451e-05,0.00682291935983628,7.78118405820908e-05,2.10396872251425e-05,"hsbwiki","Wikipedia"
"htwiki",0.97487084803703,0.0131893212402618,0.000405826954124161,0.00976595406307514,0.000772068443051036,0.000823956015299864,8.17995026267234e-05,9.02257445312537e-05,"htwiki","Wikipedia"
"huwiki",0.359992227467575,0.313366921718078,0.323793641209767,0.000665601873035344,0.000158451663813222,0.00200370796651583,1.93790773489476e-05,6.9023867002569e-08,"huwiki","Wikipedia"
"huwikinews",0.998097826086956,0.000271739130434848,0.000271739130434926,0.000271739130434796,0.000271739130434783,0.000271739130435205,0.000271739130434784,0.000271739130434801,"huwikinews","Wikinews"
"huwikiquote",0.99513063463125,0.000491339557519152,0.000143650002840541,0.000215936280648618,0.00375820426405225,0.000161043428183485,8.95221457293112e-05,9.66968977630634e-06,"huwikiquote","Wikiquote"
"huwikisource",0.723366726074587,8.98432715322242e-05,0.000583499927589735,0.000728649162135345,0.274145011250505,0.000379416754057882,0.000676063396596316,3.07901629966781e-05,"huwikisource","Wikisource"
"hywiki",0.205858425254785,0.230019946592479,1.50811086665363e-05,0.556763352811635,9.62597685915544e-06,0.00733348096624876,6.45008856442058e-08,2.27884409097211e-08,"hywiki","Wikipedia"
"hywikiquote",0.955332338093986,0.000872625199122623,0.000115793171328844,0.00292497583797326,0.040407921027865,0.000137579029031868,0.000199261782566527,9.50585812604406e-06,"hywikiquote","Wikiquote"
"hywikisource",0.851491010326014,0.000217340380446436,0.00100406151527366,0.054515148672265,0.0511116287354272,0.00111150896922598,0.0404775270067416,7.1774394606168e-05,"hywikisource","Wikisource"
"iawiki",0.951236513000027,0.0444404625274977,0.00027373429983247,0.000274276418843917,9.84288481754859e-05,0.00363099679752204,3.8949036633329e-05,6.63907146837435e-06,"iawiki","Wikipedia"
"idwiki",0.612628549450038,0.322210609943524,0.0347283964081656,0.00166288545722382,0.000118202157208363,0.0194928634781986,0.00100664847022624,0.00815184463541507,"idwiki","Wikipedia"
"idwikibooks",0.959243001938639,0.00250067600837665,0.00806365591829795,0.0220201630723667,6.80537020881927e-05,0.00660082067336699,0.000106184778005689,0.00139744390885876,"idwikibooks","Wikibooks"
"idwikiquote",0.995571883470276,0.000260936928036977,0.000239661483630655,0.00043782293201096,0.0028372583847513,0.000431114458027732,0.000182322580227287,3.89997630393529e-05,"idwikiquote","Wikiquote"
"idwikisource",0.964160238579587,0.00191440882998555,0.00627064010934037,0.00783492430108152,0.0090619659657443,0.00879524852835086,0.000650322709183346,0.0013122509767272,"idwikisource","Wikisource"
"iewiki",0.99380697618335,0.000898180832857128,0.0041396666811618,0.000440610574051209,0.000224156831294707,0.000376873654297303,8.35267756913746e-05,3.00084672967359e-05,"iewiki","Wikipedia"
"igwiki",0.499336616946703,0.499322682210805,0.000224943373506601,0.000364698278656066,7.79394388622853e-06,0.00065917619120571,4.22697411841408e-05,4.18193140533153e-05,"igwiki","Wikipedia"
"ikwiki",0.988542754033098,0.0029416605090659,0.00135830696802051,0.00460440800350231,3.4035999508965e-05,0.00213492330558677,5.73795577526244e-05,0.000326531623465102,"ikwiki","Wikipedia"
"ilowiki",0.781827189378835,0.215663406442856,7.40505376867855e-05,9.11909709237713e-05,4.88060005477924e-05,0.00226837938448529,1.94377726730951e-05,7.53951199129453e-06,"ilowiki","Wikipedia"
"iowiki",0.762108874307412,0.227488691896788,0.00633693031027323,0.0014170001745785,0.00206061277121885,0.000586409335913932,1.28334456954793e-06,1.97859245583932e-07,"iowiki","Wikipedia"
"iswiki",0.832057271819091,0.164843371117341,0.000215917358369213,0.00199648458789464,5.87550759307593e-05,0.000809460415845773,1.84649298858386e-05,2.74695642195511e-07,"iswiki","Wikipedia"
"iswikibooks",0.755691331387272,0.00500964760027178,0.00970230202908605,0.00710402050399135,0.100968086217849,0.0217322441878807,0.0986623820614259,0.00112998601222322,"iswikibooks","Wikibooks"
"iswikiquote",0.995778469037531,0.000207948112065027,0.000622340219363998,0.000616111213062318,0.00111916182455713,0.000849636451571494,0.00074696536685201,5.93677749966734e-05,"iswikiquote","Wikiquote"
"iswikisource",0.648244220828286,0.00206284108924509,0.0112334507565021,0.0107392318807141,0.277168789558624,0.0171448263238443,0.0309557771766956,0.0024508623860884,"iswikisource","Wikisource"
"itwiki",0.318737139904357,0.23203011916824,0.388473105197336,0.00298669490618074,0.019816743137932,0.0103956974214017,0.0275604215262418,7.87383112549666e-08,"itwiki","Wikipedia"
"itwikibooks",0.977399467371447,0.00041187143168304,0.00284048902271045,0.00281584618903226,0.0110880511358865,0.00303134819600378,0.00231181760344444,0.000101109049792535,"itwikibooks","Wikibooks"
"itwikinews",0.946875514139523,0.000395843973876216,0.0505567495085637,0.000439443547925042,2.05511415621761e-05,0.00154336314365376,2.98584602097066e-05,0.000138676084686574,"itwikinews","Wikinews"
"itwikiquote",0.457186934230581,0.527370058725549,0.000177144106379246,0.000402479323497473,0.0122563524163202,0.00252895565098905,7.79526272377436e-05,1.22919446955907e-07,"itwikiquote","Wikiquote"
"itwikisource",0.834446160815101,2.47988556500676e-05,0.000732837508569302,0.000213897968179317,0.135513198761972,0.00797051887693544,0.0210970047840211,1.5824295714989e-06,"itwikisource","Wikisource"
"iuwiki",0.985220461092661,0.00876886808529222,0.000608040640335744,0.00273577121931796,5.6358350572292e-05,0.00239246715388478,4.60649457258348e-05,0.000171968512209641,"iuwiki","Wikipedia"
"jamwiki",0.988944938248599,4.52165851250071e-05,0.000262589750519709,0.000381418030651666,0.000241153770824129,0.00981677226691435,0.000275620332697688,3.22910146681182e-05,"jamwiki","Wikipedia"
"jawiki",0.375669638050356,0.255135011691631,0.348772248870748,0.00180772967505494,0.00658166154112054,0.0119240307820361,0.000109564129155276,1.15259898523384e-07,"jawiki","Wikipedia"
"jawikibooks",0.988230935395594,0.000728822836250399,0.00151760310145974,0.00214944904804724,0.00121265187201409,0.00434934487492241,0.00107140760115016,0.000739785270561862,"jawikibooks","Wikibooks"
"jawikiquote",0.993800029850935,6.02176033348802e-05,0.000227967572623433,0.000307626838590072,0.00505275291671382,0.000260222223529706,0.000268304399108631,2.28785951644462e-05,"jawikiquote","Wikiquote"
"jawikisource",0.990432989594861,0.000331559923319652,0.00156976714452989,0.00242033446988525,0.00192853587073957,0.0026244447858403,0.000414333918515002,0.000278034292309216,"jawikisource","Wikisource"
"jbowiki",0.995203606665998,0.000395358117871721,0.00040544241320597,0.000653693407207325,0.00265055062742149,0.000516779778779134,0.000135277307961383,3.9291681554707e-05,"jbowiki","Wikipedia"
"jvwiki",0.861650082717661,0.1177613220105,0.00466677561323575,9.51919820425308e-05,0.00126746327125452,0.0145362941473458,2.18962501956588e-05,9.7400776542138e-07,"jvwiki","Wikipedia"
"kaawiki",0.992343366178709,0.00567295311515356,0.000451949129114051,0.000597229692727023,0.000191615709944767,0.000552401900033615,0.000168149765152532,2.23345091650614e-05,"kaawiki","Wikipedia"
"kabwiki",0.993155396304749,0.00350175302596955,0.000320635710491629,0.00166621230715079,0.000640740981366287,0.00051243799827818,0.000169625251529357,3.31984204647847e-05,"kabwiki","Wikipedia"
"kawiki",0.792714295103407,0.200087531098814,0.00374864264015968,0.000178453661556232,0.00230090596603884,0.000933459193422757,3.65981734226538e-05,1.14163179033306e-07,"kawiki","Wikipedia"
"kawikiquote",0.987646104044233,0.000178118946833651,0.00013131722056917,0.000262490147669979,0.0114977911959154,0.000171523674563044,0.000100428995775149,1.22257744404866e-05,"kawikiquote","Wikiquote"
"kbdwiki",0.773815625245411,0.000224875442595167,0.000331694486067158,0.224003612553084,0.000715007796734128,0.000350572023185876,0.00051659826548439,4.20141874374294e-05,"kbdwiki","Wikipedia"
"kbpwiki",0.988820638644598,0.00284993034869327,0.000307882920707403,0.000773905720597725,0.000373841094922137,0.00672229267197124,0.000130742299614643,2.0766298895534e-05,"kbpwiki","Wikipedia"
"kgwiki",0.992207896642703,0.000653315382535409,0.0027707819344599,0.00247507172395625,4.02136157840859e-05,0.00166730672921175,3.00662477622023e-05,0.000155347723586951,"kgwiki","Wikipedia"
"kiwiki",0.994389978532193,0.000293448951901343,0.000882990465884406,0.0011001359556439,0.000618174909218377,0.00172836760364809,0.000803591602785812,0.000183311978724764,"kiwiki","Wikipedia"
"kkwiki",0.803239456709547,0.181606387533769,0.00123688126707515,0.00394130739567716,0.00778841857097678,0.00174911046468202,0.000438194202475655,2.43855797398885e-07,"kkwiki","Wikipedia"
"klwiki",0.981541141817308,0.00321467445970195,0.00625865287340865,0.00339959422200301,9.96733427187178e-05,0.000692953344483516,0.00471287416546993,8.04357749062879e-05,"klwiki","Wikipedia"
"kmwiki",0.985641849239393,0.000242988876733844,0.000306468357139165,0.000435096311989624,0.000235774336065923,0.000425240007781373,0.0126718160620484,4.07668088486685e-05,"kmwiki","Wikipedia"
"knwiki",0.949610669907583,0.035102517749431,9.41370412848073e-05,0.000146527877643134,7.02943583802963e-05,0.00271507782355858,4.36206812023582e-05,0.0122171545609171,"knwiki","Wikipedia"
"knwikiquote",0.991654920672492,0.00206647106208025,0.000606074473134763,0.00145377262041032,0.00197812828055051,0.0018041917855315,0.000278349716169976,0.000158091389631047,"knwikiquote","Wikiquote"
"koiwiki",0.890070965684006,0.088574230848088,0.000947616703656299,0.0117626580587173,0.000593121733955257,0.00738966230446088,0.000130727901311796,0.000531016765804057,"koiwiki","Wikipedia"
"kowiki",0.589949239055856,0.335936586729339,0.0688781659024037,0.00157601346421095,5.17970721413573e-05,0.00358422867166858,2.38539473708688e-05,1.15157008817982e-07,"kowiki","Wikipedia"
"kowikinews",0.989143785579414,0.00132073627168888,0.00195311644097296,0.00341872649945434,3.59396738010848e-05,0.00377146582234041,3.81929305441296e-05,0.000318036781784569,"kowikinews","Wikinews"
"kowikiquote",0.990882967319114,6.77660876512509e-05,0.000220482099548373,0.000235543222159266,0.00816761424489749,0.00029188483784274,0.000111882674687777,2.185951409897e-05,"kowikiquote","Wikiquote"
"kowikisource",0.997260657616066,0.000148344285627673,0.000240196952307519,0.000232784085605052,0.00168521855584554,0.000269654625599534,0.000137869697369915,2.52741815791222e-05,"kowikisource","Wikisource"
"krcwiki",0.987885367903987,0.00349179428127591,0.0014396041357033,0.00204463828106136,0.000542401475037958,0.00406942759513127,0.000359720305042644,0.000167046022760756,"krcwiki","Wikipedia"
"kshwiki",0.976075259219145,0.020056743982361,0.00163051359022997,0.0010925083662134,2.5401724689487e-05,0.000677665066143685,0.000410640443801124,3.12676074161878e-05,"kshwiki","Wikipedia"
"kswiki",0.985712838914903,0.00763112705172321,0.00090058648280895,0.00226264094679245,0.000105604282394978,0.00235112994495082,0.000647334472284987,0.000388737904141358,"kswiki","Wikipedia"
"kuwiki",0.995006902244063,0.000648242594906935,8.25337291100951e-05,0.00254875628615797,0.00014191988698381,0.00153852377625034,2.53948928026957e-05,7.72658972564484e-06,"kuwiki","Wikipedia"
"kuwikiquote",0.979943223751232,0.000379463509497019,0.000269788883714909,0.000429052973360991,0.0181666278735809,0.000508930468704626,0.000270550689650765,3.23618502584393e-05,"kuwikiquote","Wikiquote"
"kvwiki",0.91665637145366,0.00488036461701738,0.0632983447464022,0.012931811889032,8.1049744111312e-05,0.00179999609177508,0.000107916053787024,0.000244145404214741,"kvwiki","Wikipedia"
"kwwiki",0.821742711709335,0.177135110254808,0.000229660951860313,0.000257482552433829,7.32105008834943e-05,0.000453512048336788,8.87979212442891e-05,1.95140610980909e-05,"kwwiki","Wikipedia"
"kywiki",0.984217376610908,0.000492934493482094,0.000330069584176111,0.000783590998993426,0.000843804847170339,0.0132527194380431,6.89247371302454e-05,1.0579290096677e-05,"kywiki","Wikipedia"
"kywikiquote",0.897971290191208,0.00155436911624374,0.00669417467218566,0.0602392727491513,0.0219293396820738,0.00863499233956462,0.00260988927319903,0.00036667197637373,"kywikiquote","Wikiquote"
"ladwiki",0.998752354964463,0.000187622116690792,0.000251761001012653,0.000313727728976072,5.75551264375417e-05,0.000201419972320058,0.000209311509742125,2.62475803581081e-05,"ladwiki","Wikipedia"
"lawiki",0.627752601525531,0.170642324480942,0.184098582352383,0.00135127759837376,0.00200138317891531,0.0140786106583135,7.5043898134476e-05,1.76307407164801e-07,"lawiki","Wikipedia"
"lawikiquote",0.996110818357764,0.000188619630139993,0.000721167616398713,0.000620074673485624,0.00125171210712697,0.000755794432553858,0.000286471324398252,6.53418581325672e-05,"lawikiquote","Wikiquote"
"lawikisource",0.976958964364409,0.000169946423158619,0.000781346017109432,0.000471696273390655,0.000871591911363099,0.0165804251554745,0.00412649172879067,3.95381263043023e-05,"lawikisource","Wikisource"
"lbewiki",0.989578484786208,0.000415324853551567,0.00252865798078195,0.00478263675543881,7.44599960631882e-05,0.00235300749759045,2.93547837941954e-05,0.000238073346571619,"lbewiki","Wikipedia"
"lbwiki",0.188256852416866,0.109160235908037,0.70187672084204,6.68263834711946e-05,0.000451908432292969,0.000187015175931027,3.11245638600587e-07,1.29595722354668e-07,"lbwiki","Wikipedia"
"lezwiki",0.996692301522637,0.000454227680104078,0.000466177303212884,0.00113516931936605,0.000404700320191366,0.000409653549505013,0.000402607575803804,3.51627291801606e-05,"lezwiki","Wikipedia"
"lgwiki",0.993531877414656,0.000978379461973704,0.00140905760144432,0.001116644740669,0.00012346556889415,0.00234331389571842,0.00031640829709713,0.000180853019547321,"lgwiki","Wikipedia"
"lijwiki",0.998548396825247,0.000109291250509914,0.000338846038333365,0.000284583691071171,0.000396255587170421,0.000216151882721255,8.26586878481001e-05,2.38160370990775e-05,"lijwiki","Wikipedia"
"liwiki",0.985077445687601,0.000908781938434321,0.00774645772950848,0.000308907414337204,0.000249675519429786,0.00561818383590428,7.73932985570045e-05,1.31545762284151e-05,"liwiki","Wikipedia"
"liwikiquote",0.994455492570351,0.00193569806726117,0.000238575174584421,0.000361217664521103,0.00257467334040323,0.000335390112338544,7.09918850796869e-05,2.79611854602346e-05,"liwikiquote","Wikiquote"
"lmowiki",0.943275105636544,0.0328226526582159,0.00348391709566581,0.000193134886776526,7.13284942348807e-05,0.020114437005813,2.9386531540537e-05,1.00376912097153e-05,"lmowiki","Wikipedia"
"lnwiki",0.98480392290725,0.000616819914275364,0.000441466585975357,0.000512784613882909,4.03386965767644e-05,0.0132497245719258,0.000285434727543502,4.95079825705573e-05,"lnwiki","Wikipedia"
"lowiki",0.991519782263917,0.00400727413232476,0.000953374737847821,0.00172778462248642,0.000107039095810131,0.00152113854842508,5.25833578289664e-05,0.000111023241359954,"lowiki","Wikipedia"
"lrcwiki",0.99669168197984,0.000776752148826951,0.000532536281831924,0.00057197918381912,0.000407582662934058,0.00074402113176047,0.000215770795616791,5.96758153702954e-05,"lrcwiki","Wikipedia"
"ltgwiki",0.992386282940858,0.00141737172186026,0.00123909317413114,0.00118939479213588,4.02146517046406e-05,0.00344309699082296,7.47209658399145e-05,0.00020982476264741,"ltgwiki","Wikipedia"
"ltwiki",0.783775622504351,0.104132455979799,0.10751533654912,0.00288920818032966,2.09755920915695e-05,0.00106410121041299,0.000602137720699833,1.62263195273114e-07,"ltwiki","Wikipedia"
"ltwikiquote",0.94953297958846,0.000165286511869977,0.000107720725000241,0.000150017134830789,0.0478125233609214,0.00204199561582678,0.000181467184707953,8.00987838287819e-06,"ltwikiquote","Wikiquote"
"ltwikisource",0.516264067345929,0.000605493759569388,0.00171538534045059,0.00362935919613036,0.243857023074069,0.00237807057716135,0.231337586168941,0.000213014537748091,"ltwikisource","Wikisource"
"lvwiki",0.29958557499223,0.132360401325865,0.567880293386164,3.15053406162765e-05,1.6833995689756e-05,0.000124907511445751,3.84814767548937e-07,9.86332217061375e-08,"lvwiki","Wikipedia"
"maiwiki",0.737360548389833,0.235910610747545,0.000107327447413715,0.000158136277228017,0.00011321214484146,0.000412724314306594,2.98506199223879e-05,0.0259075900589097,"maiwiki","Wikipedia"
"map_bmswiki",0.854502105931935,0.143653111018192,0.000338490604798841,0.000476435815871422,7.85642942551641e-05,0.000847989977153244,5.12250976348649e-05,5.2077260160172e-05,"map_bmswiki","Wikipedia"
"mdfwiki",0.423892258997216,0.00303181104815722,0.000765871948280939,0.570175685793976,3.65082562535432e-05,0.0018702184645102,0.000114238070711626,0.000113407420894212,"mdfwiki","Wikipedia"
"mediawikiwiki",0.624327451759882,0.000537532182202556,0.00783986844898481,0.00389067529224724,0.358571461968912,0.00417528147525828,0.000263014389830722,0.0003947144826828,"mediawikiwiki","Other"
"metawiki",0.590668350829085,0.000248372717387404,0.00491243739994335,0.378867926591544,8.10141776370372e-06,0.000250524723427022,0.0250179323260096,2.63539948402366e-05,"metawiki","Other"
"mgwiki",0.729582714297817,0.264056734048593,0.00173524750157287,0.0022614666554885,6.56407784047598e-05,0.000997910054935696,0.00130000441727291,2.82245915800682e-07,"mgwiki","Wikipedia"
"mhrwiki",0.747164574801911,0.000272872282890748,0.000255433865857384,0.242405745853472,0.000529977852916184,0.00904003187990845,0.000300222508843658,3.11409542002131e-05,"mhrwiki","Wikipedia"
"minwiki",0.983602528728841,0.00406700255690949,0.000166404282883333,0.000532450465449521,0.000251744915169528,0.0112344140157408,0.000101291277978236,4.41637570279663e-05,"minwiki","Wikipedia"
"miwiki",0.964865939739452,0.000657438358270637,0.00288456898484162,0.00148868613211324,8.41094676942345e-05,0.0204013179508782,0.00955965082269027,5.82885440595667e-05,"miwiki","Wikipedia"
"mkwiki",0.252006833774615,0.0329045238640969,0.713867157377285,0.000910806653265424,0.000122965366550693,0.000187367365646732,2.31739346079183e-07,1.13859194071724e-07,"mkwiki","Wikipedia"
"mkwikibooks",0.972144839976396,0.000283907873450153,0.00420224256942561,0.00398322511453554,0.0127607971282816,0.00310957545254007,0.00307596247675695,0.000439449408614457,"mkwikibooks","Wikibooks"
"mkwikisource",0.883847048211516,0.00110068978599382,0.00564168799904545,0.00609036865034206,0.0313283036100414,0.010652041149375,0.0605500275954894,0.000789832998196852,"mkwikisource","Wikisource"
"mlwiki",0.466923225128582,0.0441732945328329,4.78090066948787e-05,6.31128322308631e-05,1.78829255997478e-05,0.00488024161502168,1.17372101945694e-05,0.483882696748844,"mlwiki","Wikipedia"
"mlwikiquote",0.994621938988142,0.000393512962701124,0.000542107264453019,0.00142172172570515,0.00152476074233006,0.00112143197145778,0.000276017935567214,9.85084096440189e-05,"mlwikiquote","Wikiquote"
"mlwikisource",0.923184925606541,0.000639340010957017,0.00428619017811929,0.0294985359409412,0.0291132202460835,0.00989744905589799,0.00240337390171492,0.000976965059744651,"mlwikisource","Wikisource"
"mnwiki",0.664312455202499,0.332752052425434,8.25840349231593e-05,0.000115611644730118,4.95673402187414e-05,0.00266476731117061,1.593629913648e-05,7.02574188774858e-06,"mnwiki","Wikipedia"
"mowiki",0.983201536882437,0.000987099275741153,0.00524958725988802,0.00435418442277495,5.44490580415222e-05,0.00526361562652869,0.000106277354411051,0.000783250120177129,"mowiki","Wikipedia"
"mrjwiki",0.992627148065001,0.00065886532823175,0.000401802569091401,0.00102251626818768,0.00459512048819295,0.000356802103711409,0.000304437578714394,3.33075988697854e-05,"mrjwiki","Wikipedia"
"mrwiki",0.948717227759695,0.0258623264021867,0.000177363892719949,0.0022110024914185,3.43573294534351e-05,0.00160801009712438,1.07570913586717e-05,0.0213789549360436,"mrwiki","Wikipedia"
"mrwikiquote",0.969894531120404,0.00630385530926928,0.000913654098519166,0.0128432046446441,0.00357532951680949,0.00470867040878597,0.00147960375873196,0.000281151142835838,"mrwikiquote","Wikiquote"
"mswiki",0.764179652571883,0.218302079152991,0.000462301425402659,0.000134787801882073,2.53384845258529e-05,0.0168799239761874,1.08757291616069e-05,5.04085796702212e-06,"mswiki","Wikipedia"
"mtwiki",0.997675812216227,0.000242890424996685,0.000372262112976202,0.000331107014727144,0.000938770662374467,0.000219843258396271,0.000195372670224641,2.39416400774316e-05,"mtwiki","Wikipedia"
"mwlwiki",0.989570107232047,0.000123312021150835,0.000295680004268054,0.000343602540907152,0.00421956614664275,0.00527971647962057,0.000148722314712104,1.92932606518707e-05,"mwlwiki","Wikipedia"
"myvwiki",0.753003263320758,0.00430948501781036,0.00212208800626475,0.234653444797183,9.96546761287607e-05,0.00558659906180218,3.95103714967245e-05,0.000185954748556268,"myvwiki","Wikipedia"
"mywiki",0.997665817188218,0.00016247066187799,0.000108232413736598,0.000134337777296685,0.000100971262522289,0.00177154977094003,4.69112142540621e-05,9.70971115425966e-06,"mywiki","Wikipedia"
"mznwiki",0.822209633087187,0.00190880345676384,0.000252340096294094,0.000203544255431953,0.175090969179926,0.000284493632128235,3.86686039262318e-05,1.15476883426745e-05,"mznwiki","Wikipedia"
"nahwiki",0.858971531830397,0.138352740150631,0.000224880569766818,0.000550640116670355,0.00126279777514817,0.000425542015309932,0.00019149544302925,2.03720990475029e-05,"nahwiki","Wikipedia"
"napwiki",0.92718869429016,0.0594339020565249,0.00218637049555606,0.000760790272850839,5.62201932305622e-05,0.0101550519910935,0.000190872039404334,2.80986611795042e-05,"napwiki","Wikipedia"
"nawiki",0.981992570689777,0.000826491185302135,0.000306858886208362,0.000614041564993769,0.000238929509001559,0.015424123217743,0.000552044215891798,4.49407310821796e-05,"nawiki","Wikipedia"
"nds_nlwiki",0.966879959568171,0.000358612237791357,0.0172002229223307,0.000585121800937115,0.000283972266578812,0.0143991901551637,0.000257040722465278,3.58803265619543e-05,"nds_nlwiki","Wikipedia"
"ndswiki",0.473573594149505,0.443226754780742,0.0614800752726088,0.00735476951463155,0.000167435158078756,0.0141459412871473,5.0749466248265e-05,6.80371038789474e-07,"ndswiki","Wikipedia"
"newiki",0.74788981096406,0.246803026686524,0.000102098283221279,0.000152137675204983,0.000142200708308715,0.00036255071650483,2.00001632427414e-05,0.00452817480293363,"newiki","Wikipedia"
"newwiki",0.998966735173519,0.000162791558252223,0.000162512111854462,0.000278939236697049,0.000102770279963441,0.000193813427289162,0.000110020402947521,2.24178094770466e-05,"newwiki","Wikipedia"
"nlwiki",0.299553938833084,0.22671193153563,0.446351919969218,0.00125869781393013,0.00328382473090875,0.00750777164235583,0.0153318243333863,9.11414874848136e-08,"nlwiki","Wikipedia"
"nlwikibooks",0.965887097332266,0.000839226845884743,0.00179084861217225,0.00187852343786854,0.0243999949711747,0.0044092049146828,0.000637752549704013,0.000157351336246991,"nlwikibooks","Wikibooks"
"nlwikinews",0.989649023565157,0.00165258798643561,0.00250018843993649,0.0029563392682451,5.69059851472799e-05,0.00286001228194465,6.88853165092619e-05,0.000256057156624521,"nlwikinews","Wikinews"
"nlwikiquote",0.994557763256093,0.000330099673999838,0.000184909468939926,0.000241616576449217,0.00439839697942595,0.000194462368909783,7.89552506689026e-05,1.37964255133023e-05,"nlwikiquote","Wikiquote"
"nlwikisource",0.859612013672626,0.00017330040520153,0.00368396566631606,0.00140003428626011,0.0389826312780806,0.00104482731497714,0.0950387806434154,6.44467331228596e-05,"nlwikisource","Wikisource"
"nnwiki",0.69203185299214,0.0380108172733262,0.0999508022260723,0.00184949928827116,1.59884711240644e-05,0.167078001119107,0.00106287203610281,1.66593856405771e-07,"nnwiki","Wikipedia"
"nnwikiquote",0.979394328693525,0.000810531742251586,0.0156109261838479,0.000727950780650713,0.00253057395151614,0.00075995432129427,0.000120482251586366,4.52520753279243e-05,"nnwikiquote","Wikiquote"
"novwiki",0.996393975329026,0.00184669862741186,0.00036921491846277,0.000437432066040075,0.000247422118489012,0.000531744582542069,0.000123885951866616,4.9626406161994e-05,"novwiki","Wikipedia"
"nowiki",0.0778964662284025,0.106510740448071,0.814851789763719,0.000241050064035046,0.00022243438595613,0.000270173366725545,7.31372720187814e-06,3.20158889554249e-08,"nowiki","Wikipedia"
"nowikinews",0.961139781095507,0.00245670491822061,0.00513038828599693,0.00177015739375183,0.00020129241156463,0.0277517490851186,0.000340085355086459,0.00120984145475408,"nowikinews","Wikinews"
"nowikiquote",0.982296628816302,0.0139451174315948,0.000340221062914152,0.000460399812347076,0.00234132184617923,0.000452130873010777,0.000138759625967062,2.542053168465e-05,"nowikiquote","Wikiquote"
"nowikisource",0.859653077436273,0.000151629983096003,0.0637291223654453,0.00507899026484079,0.00629316110300966,0.00327348777051596,0.0617032912126064,0.000117239864212595,"nowikisource","Wikisource"
"nrmwiki",0.987645709188238,0.000319621402169673,0.00306884675309513,0.00153521331394501,0.00559169888788175,0.00123277038909656,0.000555796847743113,5.03432178309262e-05,"nrmwiki","Wikipedia"
"nsowiki",0.981832105690857,0.0064593798875312,0.000718756954231508,0.00662239725610715,6.15967280985489e-05,0.00398669904972572,5.61574485312394e-05,0.000262906984918072,"nsowiki","Wikipedia"
"nvwiki",0.991584577839089,0.000705753598425214,0.00142258441909956,0.00137568957641282,4.80437694043648e-05,0.00460500513059716,5.65444267225681e-05,0.000201801240248921,"nvwiki","Wikipedia"
"nywiki",0.995010502654552,0.000992106441360376,0.000837397519998949,0.00125551331259438,3.33978481957735e-05,0.00172070344591445,2.77066773216455e-05,0.000122672100062181,"nywiki","Wikipedia"
"ocwiki",0.819753205408466,0.166558580613283,0.000290755555797144,0.00102347167677408,0.0015538758289017,0.0108102379248229,9.68516202759618e-06,1.87829927468761e-07,"ocwiki","Wikipedia"
"olowiki",0.901465167160801,7.83794512703486e-05,0.000495813351086865,0.0856182869261856,0.00104855450252259,0.0106033263126708,0.000523098620109495,0.000167373675352656,"olowiki","Wikipedia"
"omwiki",0.989946104142212,0.005055469236973,0.000553676046169374,0.00127159846274078,0.000393607885039573,0.00212191293544653,0.000559538865369567,9.80924260492143e-05,"omwiki","Wikipedia"
"orwiki",0.958971256065525,0.000575877292576485,0.000230534302480931,0.000281869614647107,0.000196373180857852,0.010744978789045,5.39960414724304e-05,0.0289451147133955,"orwiki","Wikipedia"
"oswiki",0.988597928157269,0.000219822464284019,0.00918455024137107,0.00104056778781911,0.000461577293243255,0.000257156573720988,0.000203100102398556,3.52973798943889e-05,"oswiki","Wikipedia"
"pagwiki",0.996248036542905,0.000437302646701733,0.000609594858027883,0.000837661697413268,0.000490524270046096,0.000544805228486108,0.000759016792149414,7.30579642708942e-05,"pagwiki","Wikipedia"
"pamwiki",0.959745094056828,0.032133837911209,0.000490413593812016,0.000343638041082493,4.46479652103616e-05,0.00717196709059673,5.16026570619972e-05,1.87986841994014e-05,"pamwiki","Wikipedia"
"papwiki",0.856658341432675,0.141228312420011,0.000371968217509063,0.00071782028531744,2.24293926818828e-05,0.000903268928208864,5.22930591369284e-05,4.5566264460031e-05,"papwiki","Wikipedia"
"pawiki",0.987903513326168,0.00123357727386409,7.65715746103979e-05,0.000106403437896226,0.000124340675288428,0.00156711898862496,3.39706287483224e-05,0.00895450409479971,"pawiki","Wikipedia"
"pcdwiki",0.92753889192846,0.0431661571873085,0.022283398997713,0.000943047081523183,0.00427145913714199,0.000551454684407263,0.00121330522338278,3.22857600635458e-05,"pcdwiki","Wikipedia"
"pdcwiki",0.613270564642811,0.384405867233841,0.000339376272205815,0.000764866783761272,4.44956908302599e-05,0.00109471667488005,1.46318836813296e-05,6.54808179897297e-05,"pdcwiki","Wikipedia"
"pflwiki",0.986596610055746,0.00210009784628118,0.00128874379447576,0.0038227207067105,0.00167135807066402,0.00278145217590115,0.0015574798192139,0.000181537531007404,"pflwiki","Wikipedia"
"pihwiki",0.994015031063146,0.00326321173170923,0.000664210100809732,0.000632957028476314,2.09929412310725e-05,0.00102959931267702,0.000287188342742569,8.68094792077256e-05,"pihwiki","Wikipedia"
"piwiki",0.992843104191615,0.00191671410649705,0.00048942806052347,0.000927150818302457,0.000822439417746062,0.0025243556588282,8.47223036535296e-05,0.000392085442834179,"piwiki","Wikipedia"
"plwiki",0.255465342859045,0.205837611799399,0.505122602324904,0.00303150653223678,0.00693776238387087,0.00457920901674517,0.019025850367824,1.14715974661725e-07,"plwiki","Wikipedia"
"plwikinews",0.986864151697479,0.000889356915606531,0.00809844908345384,0.00079086452928086,5.4448616772946e-05,0.00252544849370125,0.000108604312867303,0.000668676350838784,"plwikinews","Wikinews"
"plwikiquote",0.765185746169545,0.212450952978132,0.000166882885425465,0.000143062809059985,0.00904356148435254,0.000110078959061034,0.0128991599359396,5.54778484870897e-07,"plwikiquote","Wikiquote"
"plwikisource",0.518890349552965,4.46326921524287e-05,0.000318081687569525,0.000515884539465291,0.271371032443103,0.000150666650749002,0.208698766259987,1.05861740087131e-05,"plwikisource","Wikisource"
"pmswiki",0.921345167573633,0.0761610582300035,0.000196558753756002,0.000274308926631785,0.000365454120677132,0.00158283478809131,7.3971608190242e-05,6.45999016784642e-07,"pmswiki","Wikipedia"
"pnbwiki",0.992683472944869,6.76372724209074e-05,0.000167066496702184,0.00246909329704769,4.68714302835185e-05,0.00442250397669832,8.67595944861764e-05,5.65949874918456e-05,"pnbwiki","Wikipedia"
"pntwiki",0.986472927998246,0.00145643268177067,0.00123725787604021,0.00310026782627948,0.00245765016668987,0.0037042951020208,0.00139187482237846,0.000179293526574511,"pntwiki","Wikipedia"
"pswiki",0.998350760912442,0.000363094856147039,0.000224015739808988,0.000296386971524828,0.00023439965057002,0.000451369279420217,5.53167131415725e-05,2.46558769449744e-05,"pswiki","Wikipedia"
"ptwiki",0.256098796124191,0.20887981500879,0.518754520656725,0.0016950690677283,0.00680408619967486,0.00743026108412195,0.000337374738372567,7.71203970390791e-08,"ptwiki","Wikipedia"
"ptwikibooks",0.689823364391897,0.00352302221476018,0.00944211731050779,0.00831144784244753,0.272439573577062,0.0136103989467409,0.00185694231623708,0.0009931334003475,"ptwikibooks","Wikibooks"
"ptwikinews",0.995694658786828,0.000537997079230578,0.00124139324836521,0.000982929231575801,2.26698482144746e-05,0.00131498635467193,2.81996528719202e-05,0.000177165798242056,"ptwikinews","Wikinews"
"ptwikiquote",0.816250250521778,0.169281903032214,8.55892816824677e-05,9.42195563033287e-05,0.0131636625413889,0.0011010847065181,2.27278058179094e-05,5.62554297810263e-07,"ptwikiquote","Wikiquote"
"ptwikisource",0.761618557550238,0.000155567278505416,0.000537322375801784,0.000495508141360317,0.235210517186373,0.000453164629419773,0.00150117364867468,2.81891896265505e-05,"ptwikisource","Wikisource"
"quwiki",0.86043824757975,0.137235441424218,0.000102779074625354,0.000124012986678721,0.000165532794361248,0.00190090217983704,3.03714018938351e-05,2.71255863542412e-06,"quwiki","Wikipedia"
"rmwiki",0.998090976657322,0.000170478271453029,0.000332505848551781,0.000430756327981264,0.000436442735823331,0.000385426759746285,0.000120640309773394,3.27730893486643e-05,"rmwiki","Wikipedia"
"rmywiki",0.984618893577443,0.00386714747207672,0.000342136933092101,0.00201687037051942,0.00209957420264947,0.00592931235096512,0.000264446745030853,0.000861618348223378,"rmywiki","Wikipedia"
"rnwiki",0.931013429325486,0.0224983920735731,0.0030740911777927,0.0351180012422442,6.80511747424241e-05,0.0076672204386249,0.000110774742912405,0.000450039824624399,"rnwiki","Wikipedia"
"roa_rupwiki",0.978772720437731,0.000359583758271948,0.000398350047809116,0.000809834238312364,0.00328367148724946,0.0160947723618506,0.000241548826430598,3.95188423448528e-05,"roa_rupwiki","Wikipedia"
"roa_tarawiki",0.972165387579736,0.00080630342221928,0.00257318937028166,0.000747310450935905,0.0214670765412664,0.00102606314905805,0.00115359890577478,6.10705807283749e-05,"roa_tarawiki","Wikipedia"
"rowiki",0.345199952155146,0.231590215260915,0.414903126537435,0.00107157839921976,0.00012717722996848,0.00672469942861673,8.52238337303965e-06,0.000374728605325334,"rowiki","Wikipedia"
"rowikibooks",0.998097826086955,0.000271739130434782,0.000271739130435116,0.000271739130435201,0.000271739130434787,0.000271739130434989,0.000271739130434891,0.000271739130434798,"rowikibooks","Wikibooks"
"rowikinews",0.971791902766212,0.000946184960965935,0.0155876528275378,0.00104263355706224,0.000136029347494666,0.00821602634792002,0.000241698027331557,0.00203787216547561,"rowikinews","Wikinews"
"rowikiquote",0.964247307145201,0.000379788362311419,0.000253284082094735,0.000442419290380409,0.0338580372683292,0.000451231680520104,0.000345385359828321,2.25468113345774e-05,"rowikiquote","Wikiquote"
"rowikisource",0.615263375012495,0.000233903571742371,0.0019434330241483,0.00244998732343693,0.309176811813046,0.000924367166261277,0.0699543691748789,5.3752913991673e-05,"rowikisource","Wikisource"
"ruewiki",0.99449050206649,8.87033640987043e-05,0.000132074687878457,0.000290187082970611,0.000303967322116041,0.00455587819679293,0.000120579961899422,1.81073177533636e-05,"ruewiki","Wikipedia"
"ruwiki",0.000505082458024783,0.0216291623707593,0.185610150470348,0.791541267786827,0.000647703495832332,6.07497400588961e-05,5.8615567204608e-06,2.21214298355971e-08,"ruwiki","Wikipedia"
"ruwikinews",0.711433567169534,0.287206260061667,0.000184382362771376,0.000416710335973678,1.24379150399363e-05,0.000538943269895087,0.000188475089546887,1.92237955725713e-05,"ruwikinews","Wikinews"
"ruwikiquote",0.943885155953242,0.0437634616061471,9.33815240097444e-05,0.000230859572278191,0.0108258395108109,0.00115203600577189,4.86328555493288e-05,6.32972190934745e-07,"ruwikiquote","Wikiquote"
"ruwikisource",0.868195860101345,3.12663082564117e-07,0.000547126320509955,0.0308666837783801,0.0785012053106557,0.00172251207880799,0.020166169847011,1.29900207459698e-07,"ruwikisource","Wikisource"
"rwwiki",0.998326435237463,0.000130184434741645,0.00037889510478463,0.00031534521177157,2.52464072086402e-05,0.000652277376408433,0.00011955241303055,5.2063814591345e-05,"rwwiki","Wikipedia"
"sahwiki",0.987185351461907,0.00640821171003555,0.000136557910076348,0.000562849275735772,0.000148219541772695,0.00543924787959037,0.00010000840258065,1.95538183017459e-05,"sahwiki","Wikipedia"
"sawiki",0.972447770640573,9.08612624583042e-05,0.00028580924647109,0.00543971151232258,4.70078500451372e-05,0.00637267461465203,2.74499812557243e-05,0.0152887148922227,"sawiki","Wikipedia"
"sawikiquote",0.980824931789971,0.000508054333985576,0.0025214096334268,0.00292588628923148,0.00302716271217178,0.00622907354752346,0.0031044310760067,0.000859050617683834,"sawikiquote","Wikiquote"
"sawikisource",0.998097826086956,0.000271739130434805,0.000271739130434842,0.000271739130434848,0.000271739130434793,0.000271739130434851,0.000271739130434783,0.000271739130434824,"sawikisource","Wikisource"
"scnwiki",0.967296891525124,0.0304437467452866,0.000640134755075087,0.000186904625835001,6.78718374187382e-05,0.00132936007773024,3.28538559475467e-05,2.23657758307216e-06,"scnwiki","Wikipedia"
"scowiki",0.730790010528073,0.25697864523587,0.000429690391755734,0.00119666456588971,4.37701674396268e-05,0.0105606770754885,3.69206538170321e-07,1.72828945440695e-07,"scowiki","Wikipedia"
"scwiki",0.848980045943849,0.143030295462858,0.00703177710683791,0.000214826128441357,0.000347976922322094,0.000272806187569537,0.000111099244229256,1.11730038929594e-05,"scwiki","Wikipedia"
"sdwiki",0.996631344976382,0.00103843969826482,0.00043964484136656,0.00064048791215649,0.000147936725087558,0.000970781029424903,6.69933566253911e-05,6.43714606920496e-05,"sdwiki","Wikipedia"
"sewiki",0.979369286510854,0.0178849158366042,0.000691483399960224,0.000662780066638083,4.45315047971756e-05,0.000500802848139213,0.000818000140030049,2.81996929770149e-05,"sewiki","Wikipedia"
"sgwiki",0.985175711241745,0.00391550352613894,0.000756617746495368,0.00687852207280668,0.000345130458833046,0.00266355802205609,5.7586197443415e-05,0.000207370734481313,"sgwiki","Wikipedia"
"shwiki",0.647160434163788,0.344031978257801,0.00198390964317777,0.00605296022281502,8.09065508135047e-05,0.000444502656342184,0.000245183721006379,1.24784256132309e-07,"shwiki","Wikipedia"
"simplewiki",0.596301806929572,0.356194398341482,0.0334161163753908,0.00011171303101733,3.83363023682183e-05,0.0138893052145897,4.80790558212603e-05,2.44749759409545e-07,"simplewiki","Wikipedia"
"simplewikiquote",0.993608156217405,0.0023186858214526,0.000477906881993174,0.000370050431112271,0.00254173845562864,0.00060007506032569,6.23855576721121e-05,2.10015744109612e-05,"simplewikiquote","Wikiquote"
"siwiki",0.973715676131593,0.0204542355967187,0.000254928930409654,0.000280441172879679,7.45573154572975e-05,0.00507791570028636,0.000121537609337134,2.07075433185203e-05,"siwiki","Wikipedia"
"skwiki",0.679010304493038,0.228941002053965,0.0831351748560102,0.00623463907238555,0.000136151245285125,0.00241425677249122,0.000128342816283395,1.28690541226961e-07,"skwiki","Wikipedia"
"skwikiquote",0.952767921233536,0.000404869343591526,0.000132670003441584,0.00015275652471695,0.046263894100744,0.000138634526153621,0.000131066831355287,8.18743646065179e-06,"skwikiquote","Wikiquote"
"slwiki",0.520721009693905,0.0388471269147915,0.00854158614265452,0.420860503635562,0.00180027462144741,0.00913514129119939,9.42124369596885e-05,1.45263479552857e-07,"slwiki","Wikipedia"
"slwikiquote",0.950219469260307,9.58312002896105e-05,0.000132797442422065,0.000130174056817873,0.0491691943544672,0.000118256362851395,0.000127336644340389,6.94067850470957e-06,"slwikiquote","Wikiquote"
"slwikisource",0.896581241663168,0.000370379822115833,0.00133527732995327,0.00226513956734515,0.078412937037702,0.000698798493354633,0.0202853368948454,5.08891915161772e-05,"slwikisource","Wikisource"
"smwiki",0.99205455184644,0.000332421657694941,0.00242232655418927,0.00175189341202236,0.000253883449169176,0.00235827478114771,0.000740060294319332,8.65880050174707e-05,"smwiki","Wikipedia"
"snwiki",0.97934678083493,0.000806416966777989,0.00951935016846886,0.00306967698914784,0.000855015316273553,0.00577882080618518,0.000385592143045739,0.000238346775171022,"snwiki","Wikipedia"
"sowiki",0.996840628311117,0.00191685231722037,0.000184686538283326,0.000510495193628299,2.7968442117978e-05,0.000437039619008097,4.82219744330009e-05,3.4107604191469e-05,"sowiki","Wikipedia"
"specieswiki",0.000436651676927522,0.000122280614743954,0.000797002825109041,0.000239751994137665,0.025700701138685,0.655511737533333,0.317165240905651,2.66333114125643e-05,"specieswiki","Other"
"sqwiki",0.7437834606978,0.254953562636347,8.83719055138295e-05,8.72352748997892e-05,8.39025795171617e-05,0.000890399832357213,0.000112738982535495,3.28091029536685e-07,"sqwiki","Wikipedia"
"sqwikiquote",0.947679992471686,0.0180929938628232,0.000994835754684664,0.00109861072624695,0.0301570537943804,0.0013895471081467,0.000531735448443502,5.52308335886921e-05,"sqwikiquote","Wikiquote"
"srnwiki",0.710939698969646,0.284981358305753,0.000614995926094586,0.00138120967560284,0.000121422993043495,0.00136850005678925,0.000502944895922271,8.98691771478323e-05,"srnwiki","Wikipedia"
"srwiki",0.637776750466093,0.273945902512162,0.078961681246772,0.00861908143366076,0.000200068406763527,0.000406903571893462,8.94904550385621e-05,1.21907616427054e-07,"srwiki","Wikipedia"
"srwikibooks",0.960611858530465,0.000902328952985517,0.00490780776120876,0.00376847689859488,0.0132641310472113,0.0135076403359897,0.00152725859499876,0.00151049787854578,"srwikibooks","Wikibooks"
"srwikinews",0.754956692044568,0.242687750260655,0.000439814812178299,0.000579206607919234,3.25348335115276e-06,0.00125201991134286,9.48502865479649e-06,7.1777851331302e-05,"srwikinews","Wikinews"
"srwikiquote",0.995817864222639,0.00117514987118761,0.00022949368408853,0.000648910126367635,0.00156454454246337,0.000437711420265407,0.000102102438905126,2.42236940837282e-05,"srwikiquote","Wikiquote"
"srwikisource",0.982857368932284,0.000447431718221738,0.00149590877508516,0.00527166156987959,0.00601531976894449,0.00228458087088929,0.00143667003639946,0.000191058328296812,"srwikisource","Wikisource"
"sswiki",0.986688847851096,0.00171072727003659,0.00308527187494846,0.0022737686770659,0.000214000446105776,0.0054878225499674,0.000135737853264247,0.000403823477515545,"sswiki","Wikipedia"
"stqwiki",0.986841977840771,0.000391674205433422,0.00106521000175493,0.00112699256446588,0.00110560561143248,0.00705817221288802,0.00239248383053568,1.78837327182461e-05,"stqwiki","Wikipedia"
"stwiki",0.973868201346035,0.000613454261537769,0.00325320032132064,0.0162322068389126,0.00162319329046114,0.00396445378360929,0.000108211536401785,0.000337078621722197,"stwiki","Wikipedia"
"suwiki",0.78249555905215,0.216312375432558,0.000193119702411331,0.000272871086708341,6.62598925474876e-05,0.000602108495558139,3.34924169466143e-05,2.4213921120013e-05,"suwiki","Wikipedia"
"suwikiquote",0.998097826086956,0.000271739130434799,0.000271739130434913,0.000271739130434912,0.000271739130434783,0.000271739130435093,0.000271739130434784,0.000271739130434806,"suwikiquote","Wikiquote"
"svwiki",0.258784351615516,0.243621039929343,0.409780070394187,0.0497582532823873,0.0171861914396155,0.0100350067012182,0.0107883561617147,4.6730476017984e-05,"svwiki","Wikipedia"
"svwikinews",0.99651801777849,0.000267506510643513,0.00138192148155406,0.000431525479010626,1.15486173003041e-05,0.00121501224789824,2.07064477813142e-05,0.000153761437321625,"svwikinews","Wikinews"
"svwikiquote",0.995075184869593,0.000928815185996567,0.000203191917017684,0.00171869721064527,0.00173609048418384,0.000258864772569578,6.41274598357356e-05,1.50281001582583e-05,"svwikiquote","Wikiquote"
"svwikisource",0.7232442681894,0.00027479409111446,0.00169553838605924,0.00466399397580127,0.237405972117007,0.0311261238374194,0.0015170481122172,7.22612909821416e-05,"svwikisource","Wikisource"
"swwiki",0.862034124567209,0.13348851565006,8.00713594636764e-05,0.0019867113157368,2.84928126810456e-05,0.00235608685890035,1.99041350527296e-05,6.09330089658551e-06,"swwiki","Wikipedia"
"szlwiki",0.933886848858774,0.0508835829304952,0.000259041396464298,0.0008298540646003,0.00578898298333053,0.00812548560435367,0.000206728543433655,1.94756185479112e-05,"szlwiki","Wikipedia"
"tawiki",5.0238844542953e-06,2.06608435097498e-08,1.35438669119063e-08,1.42766810575246e-08,1.20679364736538e-08,4.8213600459412e-08,8.86228936182958e-09,0.999994858490328,"tawiki","Wikipedia"
"tawikibooks",0.648917151941678,0.00100472353122729,0.0189465040058388,0.0540662723190702,0.254559498553271,0.0151109113486836,0.00596675906386167,0.00142817923636922,"tawikibooks","Wikibooks"
"tawikinews",0.998097826086956,0.000271739130434898,0.00027173913043494,0.000271739130435055,0.000271739130434783,0.000271739130435056,0.000271739130434811,0.000271739130434838,"tawikinews","Wikinews"
"tawikiquote",0.992512294459829,0.000466335887315857,0.000245064289354356,0.00042538422310086,0.00219791503209098,0.000498213703602975,0.000153015782734994,0.00350177662197036,"tawikiquote","Wikiquote"
"tawikisource",0.998097826086956,0.000271739130434814,0.000271739130434862,0.000271739130434896,0.000271739130434936,0.000271739130434937,0.000271739130434808,0.000271739130434856,"tawikisource","Wikisource"
"tcywiki",0.982863653188059,0.00827821445176682,0.00169284934394948,0.00260831700261622,0.000750445934471048,0.00303935844650216,0.000354203477746329,0.000412958154889154,"tcywiki","Wikipedia"
"test2wiki",0.790335493504846,0.016320339659487,0.0107214327929421,0.0139145224138123,0.000132231344214025,0.167910120348024,0.000129199601748622,0.000536660334925882,"test2wiki","Wikipedia"
"testwiki",0.972069193251821,0.000709175342669934,0.00321643095476013,0.0100494752940425,8.21184118212445e-05,0.00377244199852402,0.00890802822212493,0.00119313652423639,"testwiki","Wikipedia"
"testwikidatawiki",0.976014070520629,0.00267494581515798,0.00562596552983276,0.00791469137643948,0.00278428223746589,0.0032086115997846,0.00160260650910293,0.000174826411587608,"testwikidatawiki","Other"
"tetwiki",0.994809174196097,0.000824517847919549,0.000745104431189514,0.00155944468205229,0.000459743745497994,0.0012645521479013,0.000173883560022268,0.000163579389319938,"tetwiki","Wikipedia"
"tewiki",0.915272860647573,0.0486078380244864,0.000101114339931315,0.000207354498687393,7.87284830355675e-05,0.00791133617004572,1.8660577107334e-05,0.0278021072591331,"tewiki","Wikipedia"
"tewikiquote",0.986219066722825,9.32575301668014e-05,0.000431101838273152,0.000495193667752024,0.00108422463683062,0.000786835923744735,0.000272156227881957,0.0106181634525263,"tewikiquote","Wikiquote"
"tgwiki",0.696303288060635,0.149602096249918,0.000648511793290008,0.096633344614696,0.00212349903792438,0.0545583305637933,0.000130257030736136,6.72649006790197e-07,"tgwiki","Wikipedia"
"thwiki",0.693918670852595,0.253698392397513,0.0505761738064126,0.00013883600656457,4.10013739894995e-05,0.00152421486495487,0.000102505943116569,2.04754853963098e-07,"thwiki","Wikipedia"
"thwikiquote",0.998103333393176,0.000544330270142756,0.000158469790523317,0.000266485012324032,0.00050006846433887,0.000355152070690545,4.83512264383754e-05,2.38097723663118e-05,"thwikiquote","Wikiquote"
"tiwiki",0.975600622922156,0.00233663326363787,0.00210990691623749,0.0025211377923318,0.0103506499688394,0.00308992603189382,0.00372057885987787,0.000270544245025812,"tiwiki","Wikipedia"
"tkwiki",0.929629788192111,0.0596210044717901,0.000233456270850912,0.000420392052519133,0.000240939218824092,0.00975833580394905,6.84054187724807e-05,2.76785711831594e-05,"tkwiki","Wikipedia"
"tlwiki",0.618494322518168,0.373095886371296,0.00668027041321861,9.26544645229794e-05,2.0805815382957e-05,0.00161506485938579,7.41331251836815e-07,2.54226773033992e-07,"tlwiki","Wikipedia"
"tnwiki",0.970543423080934,0.00891558510305233,0.000136477479498835,0.00497915282020315,0.000675209329995987,0.0135254835875289,0.000225699731660103,0.000998968867126414,"tnwiki","Wikipedia"
"towiki",0.964515832613013,0.00233816270644732,0.00910809262999136,0.00697444188335559,0.000136032387040395,0.0141431520550954,0.000268475055005364,0.00251581067005161,"towiki","Wikipedia"
"tpiwiki",0.99733423094337,0.000446812691542508,0.000462214429550592,0.000707041637771358,9.44370185472435e-05,0.000743693633116654,0.000133331978449537,7.82376676529212e-05,"tpiwiki","Wikipedia"
"trwiki",0.595790573610859,0.332133024371303,0.0516549827936179,0.00641030079056249,0.00148467517597117,0.0119645805295666,0.000561724503414387,1.38224706071692e-07,"trwiki","Wikipedia"
"trwikinews",0.99138754109707,0.00254980357659685,0.00141421565737445,0.00220958903143673,9.03758390692755e-06,0.00226406415655957,1.98211451063319e-05,0.000145927751948765,"trwikinews","Wikinews"
"trwikiquote",0.982261064177087,0.0114374967042639,9.63188807285653e-05,0.000166101724880024,0.00580561228680683,0.000192673499645177,3.49941687192307e-05,5.73855786949036e-06,"trwikiquote","Wikiquote"
"trwikisource",0.983769625314007,0.000210070003483534,0.00242763327494898,0.00588200251480522,0.00355546954259618,0.00302044273540601,0.00100613877497895,0.000128617839773793,"trwikisource","Wikisource"
"tswiki",0.985675593999756,0.000629191140964673,0.00236533838773652,0.00231085128224344,0.00248913271529566,0.0034060715955868,0.00274018532467787,0.000383635553738846,"tswiki","Wikipedia"
"ttwiki",0.984167513483229,0.0118583072583234,0.000194868452213738,0.000302957840253915,0.000104129426406713,0.0033507552017411,1.65849558970778e-05,4.88338193511499e-06,"ttwiki","Wikipedia"
"tumwiki",0.958940426079004,0.010631760085096,0.00182699235816889,0.0224106578538347,8.57773220236373e-05,0.00540252278035002,0.000102683600304264,0.000599179921219003,"tumwiki","Wikipedia"
"twwiki",0.99644688425097,0.000518615176665186,0.000841516275235063,0.00120006361376663,1.57874263432225e-05,0.000826386774162488,2.54555655056115e-05,0.000125290917351533,"twwiki","Wikipedia"
"tyvwiki",0.534217806386834,0.00250969877632802,0.000756141507414375,0.460776251452105,0.000320078502321864,0.00105986806727268,0.00028942364127678,7.07316664469972e-05,"tyvwiki","Wikipedia"
"tywiki",0.996433941227036,0.000236366499839597,0.00112049337289841,0.00055613906082108,5.74179348382658e-05,0.00131168048281849,0.00011610903518424,0.000167852386564264,"tywiki","Wikipedia"
"udmwiki",0.993134087622003,0.000109062600394854,0.000556157566397406,0.00199744891861235,0.0026567950369616,0.000738672475779503,0.000741181884040134,6.65938958112834e-05,"udmwiki","Wikipedia"
"ugwiki",0.996743274659302,0.000216306304607665,0.000289388442749733,0.00058212723252957,0.0015159243794487,0.000534100899820331,7.90451794537852e-05,3.98329020882771e-05,"ugwiki","Wikipedia"
"ukwiki",0.167997098231157,0.129214466463553,0.000171860817338213,0.698434398207801,0.000103964120974549,0.00407638152324361,1.80343305690034e-06,2.72028757162559e-08,"ukwiki","Wikipedia"
"ukwikinews",0.982758018615051,0.000645950202116726,0.00423111752341143,0.00590464348293774,4.45182495672114e-05,0.00560716883993039,9.53292415828114e-05,0.000713253845402733,"ukwikinews","Wikinews"
"ukwikiquote",0.969306877471556,0.0265683492465162,6.80732993196345e-05,0.000181778791991728,0.0028229161468858,0.000983476864035175,6.7886862016761e-05,6.41317678721602e-07,"ukwikiquote","Wikiquote"
"ukwikisource",0.987413356263696,0.000107672665651731,0.00107504892033548,0.00205791308009576,0.0058259182547334,0.000620747034539646,0.00285911628166826,4.02274992796136e-05,"ukwikisource","Wikisource"
"urwiki",0.910433712865728,0.0841844754029008,0.000140983054136247,0.0019749978153343,2.32067558094175e-05,0.00312606186542769,1.0455846540188e-05,0.000106106394123552,"urwiki","Wikipedia"
"urwikiquote",0.993157455019712,0.000654727893966334,0.000914206026830216,0.00219956866144306,0.000567032024487066,0.00200786808776085,0.000381097263481311,0.000118045022318738,"urwikiquote","Wikiquote"
"uzwiki",0.894805108384253,0.100691298890747,9.2616485706795e-05,0.00266422307430748,0.000127897376012008,0.00143809463897683,0.000180004882247915,7.56267748496482e-07,"uzwiki","Wikipedia"
"uzwikiquote",0.82041834723758,0.0616279054435802,0.00236922208556962,0.00874251213319471,0.0964979951490812,0.00831592845322827,0.00186777898730159,0.000160310510463823,"uzwikiquote","Wikiquote"
"vecwiki",0.791653967106799,0.203641324973394,0.000284780469760879,0.000257579323195647,0.000219680834317469,0.00384848089985058,8.03273679379476e-05,1.38590247448818e-05,"vecwiki","Wikipedia"
"vecwikisource",0.112438684979874,0.00247264559083977,0.0344578804834879,0.837266155589924,0.00623575977894446,0.00120729506893787,0.00583079198834163,9.07865196505049e-05,"vecwikisource","Wikisource"
"vepwiki",0.550532167870746,0.00045746885072412,0.000153119105586599,0.445054020460895,9.15072256016437e-05,0.00352892456860179,0.000166673302249378,1.61186155956923e-05,"vepwiki","Wikipedia"
"vewiki",0.986612884452973,0.00169384698166084,0.00213945853772084,0.00386084112711767,0.000147493575791971,0.00456124619251538,0.000146686480188436,0.000837542652031956,"vewiki","Wikipedia"
"viwiki",0.759555330353871,0.209479481192494,0.00509181971184308,0.00145788622741466,2.81688776950561e-05,0.0243866341450951,4.86493229698661e-07,1.92998357893513e-07,"viwiki","Wikipedia"
"viwikiquote",0.993205909496028,0.000981724559892274,0.000369028587697157,0.000859456571050223,0.00354719697029277,0.000801937607950369,0.000175565888829977,5.91803182591055e-05,"viwikiquote","Wikiquote"
"viwikisource",0.908565006436129,0.000430681892878177,0.00128476743734953,0.000868279377060764,0.0861697421149937,0.00211831482383326,0.000341990101230816,0.000221217816524392,"viwikisource","Wikisource"
"vlswiki",0.715724256933189,0.000357939381561122,0.27555162848047,0.000891448697987854,0.000357674034402286,0.00685408737087481,0.000243962045771678,1.9003055743284e-05,"vlswiki","Wikipedia"
"vowiki",0.863235441705987,0.132414499463419,0.000107033636451488,0.000187704194646017,0.000154751738138648,0.00383018818569052,5.74770533857346e-05,1.29040222817266e-05,"vowiki","Wikipedia"
"warwiki",0.793389179549115,0.205423240363442,7.66838689933672e-05,0.000103040195779048,2.56196617873466e-05,0.000962846803920838,1.73108927659985e-05,2.07866419684096e-06,"warwiki","Wikipedia"
"wawiki",0.705122063145043,0.291377759749854,0.000873783187325957,0.000277575320781891,0.00170278627702772,0.000515375055295912,0.000111966575509129,1.86906891630107e-05,"wawiki","Wikipedia"
"wikidatawiki",0.928327084280671,6.89431358145292e-05,0.0233918569917896,5.52701659021681e-06,0.00124937807266806,0.0321995294140137,0.0147576616834003,1.9405052973776e-08,"wikidatawiki","Other"
"wowiki",0.994723975281944,0.00119356224749685,0.00106028254090414,0.00112975171885726,0.000538816563417316,0.000999083725066094,0.00016010163596406,0.000194426286350446,"wowiki","Wikipedia"
"wowikiquote",0.943827957582102,0.0245472099949687,0.00816455459717955,0.00959049296132988,0.00619807675441057,0.00655311850020668,0.000284945382539606,0.000833644227263183,"wowikiquote","Wikiquote"
"wuuwiki",0.997924608962979,0.000249425389294125,0.000710203097398127,0.00037076067716659,0.000245790572256635,0.000432006653614301,5.05849623523005e-05,1.66196849390447e-05,"wuuwiki","Wikipedia"
"xalwiki",0.997206597029482,0.000360108227529466,0.000666234103386747,0.000706228748990974,0.000216778739304548,0.000637781499753929,9.22699440145649e-05,0.00011400170753811,"xalwiki","Wikipedia"
"xhwiki",0.992497997613881,0.00247954849956316,0.000669001738732351,0.00203095728971995,0.000475898133107037,0.00145648237692705,0.000259729175476374,0.000130385172593016,"xhwiki","Wikipedia"
"xmfwiki",0.506010495560581,0.492042073640773,6.21977303969397e-05,0.000105969601703811,7.81610872393763e-05,0.0016776075523786,1.81633777866723e-05,5.33144914155824e-06,"xmfwiki","Wikipedia"
"yiwiki",0.967488878914683,0.0288666920614518,0.000151852693632731,0.000247414149432827,9.29998808814971e-05,0.00311456053924301,2.74757932807269e-05,1.01259673948287e-05,"yiwiki","Wikipedia"
"yowiki",0.765310394858127,0.231314822604219,9.48479652349769e-05,0.00161514104738372,4.63684286672978e-05,0.00160171571627379,1.43645762669032e-05,2.34480382775777e-06,"yowiki","Wikipedia"
"zawiki",0.996761091142294,0.000192293460787804,0.000344777796864936,0.00049262053636054,0.00153782291536063,0.000415653129746564,0.000202624734006683,5.31162845784533e-05,"zawiki","Wikipedia"
"zeawiki",0.983932037274888,0.000525395843626471,0.000456866319076031,0.000547142568752397,0.000195311631653055,0.014070776706384,0.000230875252086078,4.1594403533918e-05,"zeawiki","Wikipedia"
"zh_classicalwiki",0.998454206991247,5.46622679383727e-05,0.000449920856247864,0.000262061730465457,0.000180691192102062,0.000384762139247494,0.000174989323151321,3.87054996004222e-05,"zh_classicalwiki","Wikipedia"
"zh_min_nanwiki",0.813823863241997,0.183295894455214,0.000141877548425553,9.72338551627582e-05,3.90419267896066e-05,0.00258366677919762,1.78917156252452e-05,5.304775883123e-07,"zh_min_nanwiki","Wikipedia"
"zh_min_nanwikiquote",0.933105796697839,0.000260058415158009,0.00281054325525876,0.00235305324418104,0.0471382480672947,0.00544263263951452,0.00846466728659992,0.000425000394153607,"zh_min_nanwikiquote","Wikiquote"
"zh_yuewiki",0.948832235522717,0.0495202758567223,0.000109041922806558,0.00011219447332034,4.18923308733649e-05,0.00136732960820071,1.20833988737569e-05,4.94688648622384e-06,"zh_yuewiki","Wikipedia"
"zhwiki",0.512475998632305,0.282686704467475,0.183509798927278,0.00611992325410842,0.00167254307687916,0.0134423735334784,9.25536537241106e-05,1.0445475115653e-07,"zhwiki","Wikipedia"
"zhwikinews",0.988765624438516,0.000483875313262998,0.00338147141954868,0.000746387787117171,8.85982985818604e-05,0.00584803386314558,0.00010445407983119,0.000581554799996638,"zhwikinews","Wikinews"
"zhwikiquote",0.997480900022405,0.000270003923699989,0.000445583763186085,0.000394010368066088,0.00117743020429183,0.000166839696971016,5.28732206571625e-05,1.23588007227759e-05,"zhwikiquote","Wikiquote"
"zhwikisource",0.987936091993294,0.000222769246201274,0.000601782810725857,0.00171938139395115,0.00806166433733153,0.000981653520839473,0.000364511700484578,0.000112144997171672,"zhwikisource","Wikisource"
"zuwiki",0.994484635149699,0.00254185601474287,0.000460688478752983,0.00111382945431459,4.26986400485702e-05,0.000518528558010005,0.000787963561253092,4.98001431792747e-05,"zuwiki","Wikipedia"
